customer_id,first_name,last_name,email,city,state,country,segment,record_type,updated_at
84b83f7a-8af2-44e4-a427-11843357165d,Kristen,Smith,kristin35@example.com,Wernerside,TX,US,Home Office,I,2026-07-15T15:35:11.478684+00:00
66adde49-d474-48de-b1f3-803d0c1267d0,Sheila,Bolton,yhaynes@example.net,New Lori,TN,US,Consumer,I,2026-07-15T15:35:11.478809+00:00
8de33f81-b504-4f4a-ba8d-12dd54ad320f,Christine,Williams,cynthia22@example.org,Lake Melaniehaven,MA,US,Consumer,I,2026-07-15T15:35:11.478920+00:00
f6944810-3592-4cc5-be21-27a737bb41d5,Andrew,Barnes,goodwinmark@example.net,Ramseyborough,OH,US,Corporate,I,2026-07-15T15:35:11.479073+00:00
6e98fe06-cc8d-41c3-b0f1-db02dd1d1d1d,Breanna,Ward,yprice@example.net,Danielborough,VA,US,Consumer,I,2026-07-15T15:35:11.479187+00:00
124d7d22-2330-4aa7-8187-b80922d8a1f5,Karen,Jones,ryanramirez@example.org,Port Sally,NH,US,Home Office,I,2026-07-15T15:35:11.479319+00:00
f96da53b-1555-4e36-a261-98c57454c507,Brooke,Jimenez,sean43@example.org,Shannonmouth,CA,US,Corporate,I,2026-07-15T15:35:11.479432+00:00
10ded2d6-45ca-496d-a278-e6d7b430f6e0,Brenda,Bell,warrenalex@example.org,Andrewmouth,RI,US,Corporate,I,2026-07-15T15:35:11.479563+00:00
c60cb9a8-9612-4f4e-8d76-2b3bbdafa211,Amy,Delgado,scastillo@example.com,Daniellefurt,SC,US,Corporate,I,2026-07-15T15:35:11.479675+00:00
8c1ad243-de2d-4c52-b0ea-915b5406f9b7,Christopher,Merritt,kevinhuber@example.com,Melissaside,IA,US,Corporate,I,2026-07-15T15:35:11.479807+00:00
898cb93f-e0ee-4d36-a6aa-d60c10ef2fe3,Kathleen,Delgado,dalemartinez@example.org,Port Ryan,MI,US,Consumer,I,2026-07-15T15:35:11.479938+00:00
1924ef6e-7c4e-41e2-9fdc-7d56905266f2,Ronald,Coffey,combsconnie@example.org,North Davidberg,SC,US,Consumer,I,2026-07-15T15:35:11.480070+00:00
efe1488b-c21c-4345-8d8c-3ba4b2821c95,Jasmin,Copeland,josephperry@example.org,North Pamela,IA,US,Corporate,I,2026-07-15T15:35:11.480201+00:00
e92dc676-0188-4d3b-9cf3-85222ccb4459,Kristine,Scott,gsmith@example.com,Brianton,ID,US,Corporate,I,2026-07-15T15:35:11.480315+00:00
dcb47e5f-6906-4d1a-b747-3f731f428cbe,Keith,Smith,penaanthony@example.com,South Joelburgh,IN,US,Home Office,I,2026-07-15T15:35:11.480455+00:00
d9725dc3-547a-47b2-bc78-376640cb0855,Jessica,Merritt,jilljackson@example.com,New Malik,IL,US,Corporate,I,2026-07-15T15:35:11.480584+00:00
e0101505-0237-4c5d-b5f7-acecb6ea4aa7,Kathleen,Collins,sylviariddle@example.com,North Kimberly,FL,US,Corporate,I,2026-07-15T15:35:11.480715+00:00
01355cab-c1df-44a9-b36e-5aeba2238846,Amber,Guerrero,owhite@example.com,Butlerland,AR,US,Home Office,I,2026-07-15T15:35:11.480836+00:00
ea09919a-737b-4740-9e86-45090d3b4617,Leon,Erickson,sking@example.net,South Thomas,GA,US,Consumer,I,2026-07-15T15:35:11.480946+00:00
f1f5b4de-31ed-4946-90fa-37eb99c5333a,Christopher,Harvey,charlesrobinson@example.com,West Douglasmouth,WY,US,Home Office,I,2026-07-15T15:35:11.481078+00:00
35e5e855-39e0-41a1-9361-5aaa2c69bd2e,Steven,Wilson,wwallace@example.net,North Lydia,GA,US,Home Office,I,2026-07-15T15:35:11.481189+00:00
9a429f63-1c5f-4d15-95d1-ae1c4b264fda,Sabrina,Thompson,clarkejacob@example.net,Roberttown,MS,US,Home Office,I,2026-07-15T15:35:11.481319+00:00
7ba2052f-4921-4d60-bdcc-21d36254fd8e,Edward,Phelps,anna36@example.org,Rangelmouth,UT,US,Home Office,I,2026-07-15T15:35:11.481431+00:00
f79db442-4e41-4fc0-a251-6afcb322b522,Michael,Norton,oscar38@example.net,Kylefort,PR,US,Home Office,I,2026-07-15T15:35:11.481532+00:00
66164e18-cff1-48d3-938a-19a19beb3b9f,Tracy,Woodward,wrosales@example.com,East Josephstad,MP,US,Consumer,I,2026-07-15T15:35:11.481646+00:00
4a625b1c-d8fc-4e8f-91a9-e72e6ae4ede0,Christina,Nelson,kaylabailey@example.net,Tiffanyhaven,VI,US,Home Office,I,2026-07-15T15:35:11.481780+00:00
02a13b46-ee5c-42c6-a0d9-3f950fc3b1e6,Amber,Conway,bdean@example.org,Larrymouth,PW,US,Corporate,I,2026-07-15T15:35:11.481892+00:00
4d3871c0-432b-435c-aadd-100f4798e452,Christian,Howard,michael69@example.org,New Megan,KY,US,Corporate,I,2026-07-15T15:35:11.481994+00:00
08a3dd8a-5316-41f8-a535-5497a6970e53,Brenda,Peterson,shaun49@example.org,Lake Christopherborough,MI,US,Home Office,I,2026-07-15T15:35:11.482107+00:00
e999d5f4-ebad-40d8-b6de-79855a6514f4,Katrina,Nelson,kyle87@example.net,Harrisville,CA,US,Consumer,I,2026-07-15T15:35:11.482222+00:00
e4478ea8-a13b-4741-bbdb-1f856e01d8ce,Pam,Wolfe,kristyray@example.com,Robertbury,MT,US,Home Office,I,2026-07-15T15:35:11.482356+00:00
7bdf31a6-7a83-40c2-9873-05a6878c8154,Loretta,Davis,stephaniecopeland@example.net,Billyport,AK,US,Consumer,I,2026-07-15T15:35:11.482492+00:00
c50e8add-f5d2-4031-84ae-0e976f655907,Michael,Aguilar,xmiller@example.org,Antoniotown,AR,US,Corporate,I,2026-07-15T15:35:11.482603+00:00
31582272-c4eb-47a6-925f-517eda0ab4c9,Gregory,Higgins,ashley60@example.org,North Donnamouth,NM,US,Consumer,I,2026-07-15T15:35:11.482706+00:00
fd263ed3-e2b2-4092-b002-774f1cab7dc0,Samantha,Day,jonathanmcbride@example.net,New Joshuamouth,HI,US,Corporate,I,2026-07-15T15:35:11.482837+00:00
8de51fa9-4231-47f6-a9a7-9cc1b8aef569,Jacob,Barton,smithdanielle@example.net,South Jeffrey,FL,US,Corporate,I,2026-07-15T15:35:11.482971+00:00
e51edc4a-77f7-4349-9a18-d4fac8133f61,Dustin,Johnson,crawfordalfred@example.com,North Benjamin,GU,US,Corporate,I,2026-07-15T15:35:11.483110+00:00
951d8165-ce01-457b-be43-8dabca8d06f3,Harold,Austin,taylor39@example.com,New Tracy,NE,US,Home Office,I,2026-07-15T15:35:11.483211+00:00
d1bf5abb-8897-4d04-b00a-6a0aa581998e,Bradley,Harrison,janice74@example.org,Pollardhaven,OR,US,Consumer,I,2026-07-15T15:35:11.483323+00:00
d646097e-9363-45b8-a791-5266b1c965b5,Diane,Hinton,sdavis@example.net,Port Erinmouth,AR,US,Consumer,I,2026-07-15T15:35:11.483442+00:00
6d301add-ca46-45ab-8737-4d93eab4687d,Jim,Lopez,abbottchad@example.org,Port Robertside,ID,US,Home Office,I,2026-07-15T15:35:11.483574+00:00
a8645452-b8a3-4ecf-a1f3-cb3b24e7b523,Brandon,Taylor,ftaylor@example.com,Tanyafort,RI,US,Corporate,I,2026-07-15T15:35:11.483685+00:00
7118c867-aaa7-4858-a7ee-ff618ff258d5,Diana,Browning,chanwilliam@example.org,Port Nicoleland,IL,US,Consumer,I,2026-07-15T15:35:11.483816+00:00
3908672d-a503-4558-b8fa-c5e75b2cfade,Jenna,Coleman,amandaparker@example.net,Cherylville,GA,US,Home Office,I,2026-07-15T15:35:11.483950+00:00
b1770118-34ff-4d87-943e-95ae2e361224,Angela,Tate,armstrongjoshua@example.org,Gonzalesstad,AS,US,Home Office,I,2026-07-15T15:35:11.484090+00:00
7523aa73-3c53-44d0-b928-70e25782ff0d,Emily,Gardner,davidalvarado@example.net,Jeremyborough,VT,US,Consumer,I,2026-07-15T15:35:11.484221+00:00
96290846-68e7-46e2-ba3a-b45ffb4e612e,Juan,Haynes,gonzalezjessica@example.com,South Carolbury,IN,US,Corporate,I,2026-07-15T15:35:11.484356+00:00
76876319-604e-401f-afa9-dc99dd93fed3,Jade,Hansen,jeremybuchanan@example.com,Reedfort,FL,US,Home Office,I,2026-07-15T15:35:11.484495+00:00
2135342f-e24e-48b3-884f-511747b7de51,Curtis,Jones,floresjonathan@example.net,Kevinland,PR,US,Corporate,I,2026-07-15T15:35:11.484626+00:00
9a01576b-c546-4064-9fff-a24070ed4f88,Brandon,Matthews,colleenlee@example.com,Davenportchester,MI,US,Corporate,I,2026-07-15T15:35:11.484765+00:00
0c55e329-c651-4039-8203-87471f571670,Casey,Perez,singhmichael@example.net,Smithstad,MT,US,Corporate,I,2026-07-15T15:35:11.484904+00:00
d316c785-592a-4a46-80ed-89eefef3e905,Samuel,Perry,qrobinson@example.net,North Sharon,NY,US,Corporate,I,2026-07-15T15:35:11.485016+00:00
be13b1e6-df3d-4f89-b1eb-1374a280cd8b,Amber,Morrison,elaineadams@example.net,West Davidchester,AK,US,Corporate,I,2026-07-15T15:35:11.485153+00:00
d905c7c9-e183-4aca-b7cc-e26b4250024b,Zoe,Sanchez,ghorton@example.net,Kylemouth,MO,US,Consumer,I,2026-07-15T15:35:11.485269+00:00
91a9ac57-ae32-4fa2-aefc-fe10c9bdd32b,Joseph,Stewart,angelbenjamin@example.org,Markburgh,NJ,US,Consumer,I,2026-07-15T15:35:11.485405+00:00
f02832b8-a50e-4b0c-831d-79dac492c19b,Samuel,Jones,samuel86@example.com,Shawnbury,AR,US,Consumer,I,2026-07-15T15:35:11.485508+00:00
d85660d1-1c4e-4b30-b4cf-a456b8b3a82d,Julia,Hawkins,sherrylawrence@example.org,Jenkinsburgh,MO,US,Corporate,I,2026-07-15T15:35:11.485650+00:00
be44cb41-ee14-4b02-ac35-75f304fc502a,David,Harris,chicks@example.com,Ashleybury,WY,US,Consumer,I,2026-07-15T15:35:11.485781+00:00
19e41f1c-a2ce-43c6-badb-94e095823985,Deborah,Harper,ramirezjay@example.com,Davidport,FL,US,Home Office,I,2026-07-15T15:35:11.485935+00:00
2e694044-321a-4617-a341-c3de1a189fb0,Curtis,Morris,christophercochran@example.net,Lake Robertmouth,HI,US,Corporate,I,2026-07-15T15:35:11.486089+00:00
4c068f89-4b9d-4821-b4a1-361996ca8367,Rebekah,Vasquez,christopher57@example.net,Alexandershire,VI,US,Consumer,I,2026-07-15T15:35:11.486219+00:00
6f1cfd60-edee-4278-b6ae-b1cb0654b7a8,Brandon,Krause,davidsonrobert@example.com,New Emily,ME,US,Corporate,I,2026-07-15T15:35:11.486364+00:00
9780ed18-3aa8-4cca-8b75-4d6dae0bd77b,Ann,Meza,matthew36@example.org,Tammyville,MT,US,Consumer,I,2026-07-15T15:35:11.486460+00:00
cecb3f7f-f99c-420f-91c7-fc9e4b31c926,Paul,Johnson,ncooper@example.org,Williamstown,ID,US,Corporate,I,2026-07-15T15:35:11.486580+00:00
e194d4ba-8c5d-4081-922f-1c3b02db0401,Sarah,Lucas,johnstonnoah@example.org,Smithshire,MO,US,Corporate,I,2026-07-15T15:35:11.486732+00:00
6d109d99-ace9-42ae-a314-3535acb9f525,Kelsey,Barnes,ffitzpatrick@example.com,Shieldstown,WV,US,Corporate,I,2026-07-15T15:35:11.486860+00:00
7b2b91cb-02c1-4f8b-9de8-a771463d3472,Christopher,Smith,stacey06@example.com,East Charlesshire,OK,US,Home Office,I,2026-07-15T15:35:11.486963+00:00
ef010a0a-d42c-498b-8207-79f7e906aec5,Janice,Bishop,sierrarice@example.net,Burkeport,UT,US,Home Office,I,2026-07-15T15:35:11.487119+00:00
bd9f5ae0-3bc5-4025-9ef9-783ee805014c,Lisa,Bailey,andrew18@example.net,Grahamshire,UT,US,Home Office,I,2026-07-15T15:35:11.487252+00:00
a47dbdf0-84a9-41c0-af94-f9fce3e13dd1,Yvonne,Buchanan,mathew54@example.org,Lake Robertport,WA,US,Corporate,I,2026-07-15T15:35:11.487375+00:00
ee6ba4c4-a52d-46de-8771-f8d74f707e42,Penny,Anderson,tammy27@example.com,East Ashleyfort,NH,US,Consumer,I,2026-07-15T15:35:11.487481+00:00
a02ddbc6-7cca-40be-b92a-1e248d693244,Christopher,Martinez,elizabethhernandez@example.com,Montgomeryhaven,WA,US,Corporate,I,2026-07-15T15:35:11.487625+00:00
6317893b-71fc-4cfc-a8da-39c4f441b1bf,Brittany,Lewis,millersabrina@example.com,North Donnaborough,MN,US,Corporate,I,2026-07-15T15:35:11.487757+00:00
09ebc903-ad22-463f-a8ca-367ecea295b7,Allen,Pearson,shawn86@example.org,Lake James,SC,US,Home Office,I,2026-07-15T15:35:11.487858+00:00
33812ed4-b16a-4182-be53-791c352747ab,Candace,Schwartz,dominguezbilly@example.net,Andreatown,NV,US,Home Office,I,2026-07-15T15:35:11.487992+00:00
cb2ca47e-d3a7-40bb-b477-a659d014209c,Ronald,Ward,martinvictoria@example.com,East Brooketon,VT,US,Consumer,I,2026-07-15T15:35:11.488125+00:00
fd5bb063-f55f-42d3-8c6a-2cd3435bbe3d,Steven,Brown,markwilliams@example.net,New Melindaville,MT,US,Consumer,I,2026-07-15T15:35:11.488259+00:00
d77b846d-e5eb-4c63-b8ef-f11c80d326b6,Jessica,White,wilsonedward@example.com,East Loristad,NJ,US,Consumer,I,2026-07-15T15:35:11.488402+00:00
a849826b-4304-481d-87fa-87b258126d06,Nathan,Velasquez,steeleruth@example.org,Stewartstad,AS,US,Corporate,I,2026-07-15T15:35:11.488545+00:00
d18a0e4d-464c-4641-949a-358d479e010b,Katrina,Moss,rlewis@example.net,Masonmouth,NV,US,Corporate,I,2026-07-15T15:35:11.488656+00:00
660e1013-393b-4256-a01a-9820e24b7a0c,Timothy,Arnold,amymcgee@example.org,Williamland,RI,US,Corporate,I,2026-07-15T15:35:11.488786+00:00
e2133286-bfcb-4b3a-8afc-71e090f7932d,Brandon,Long,trevor07@example.org,Cruzside,CA,US,Home Office,I,2026-07-15T15:35:11.488897+00:00
324a2fe3-a10c-4be0-85c5-5f4c58e2a531,Lori,Rogers,raymondwendy@example.net,Hillfurt,WA,US,Home Office,I,2026-07-15T15:35:11.489036+00:00
e255b394-ac0d-4ca3-a9dd-ab93d40612ab,Kristin,Blevins,douglasgarcia@example.net,South Jacobshire,SD,US,Consumer,I,2026-07-15T15:35:11.489167+00:00
8b4925a7-a883-493b-a596-34fb5593c38c,Rhonda,Warner,yboone@example.org,East Brenda,AR,US,Consumer,I,2026-07-15T15:35:11.489278+00:00
b8d7891b-d326-42eb-a808-ce678196ac60,Brooke,Luna,xolson@example.net,North Jeremy,LA,US,Consumer,I,2026-07-15T15:35:11.489388+00:00
ee5b14ff-3372-4e27-bee8-4b5029e473ff,Carly,Garcia,jenniferbrown@example.com,Kimberlyside,OR,US,Home Office,I,2026-07-15T15:35:11.489520+00:00
57d81339-60c9-4f48-b8b2-99497147422b,Benjamin,Houston,nramirez@example.net,Port Dawnview,NE,US,Home Office,I,2026-07-15T15:35:11.489632+00:00
f6bc65af-285b-4f9d-8c98-437cdf1f5e77,Carmen,Gonzalez,eric24@example.org,Wilsonstad,NC,US,Consumer,I,2026-07-15T15:35:11.489743+00:00
c79b78b1-9107-4ed9-ae98-3478fb5b5186,Aaron,Willis,handerson@example.org,Kingstad,HI,US,Consumer,I,2026-07-15T15:35:11.489863+00:00
664e5302-5a79-41c5-9000-502709771738,Mark,Ali,valerie40@example.com,South Andrewburgh,NJ,US,Home Office,I,2026-07-15T15:35:11.489967+00:00
3b3b6532-0b0e-46ba-ab56-f18c3aa945d7,Manuel,Sullivan,mgilmore@example.com,Stokesfurt,CO,US,Consumer,I,2026-07-15T15:35:11.490101+00:00
768ae7a7-3284-4a86-b2c1-4881893da2ff,Kevin,Davis,qmartinez@example.net,North Carla,OR,US,Consumer,I,2026-07-15T15:35:11.490219+00:00
c5598fb7-750b-49a1-8f10-b8a8eb773582,Eugene,Cook,dannycohen@example.com,North Amyland,CO,US,Consumer,I,2026-07-15T15:35:11.490351+00:00
6d963807-13f8-401c-9c20-a42cd9f5b9f3,Judy,Doyle,thomas98@example.net,South Thomasberg,MP,US,Corporate,I,2026-07-15T15:35:11.490453+00:00
b39e993e-15ca-4c9f-9037-8f5e7db0645b,David,Armstrong,chelsea33@example.com,Ericaview,GA,US,Corporate,I,2026-07-15T15:35:11.490558+00:00
ad387ea1-f076-420c-ad67-73d5c89f7cfa,Robert,Robinson,markcase@example.net,North Zachary,WA,US,Home Office,I,2026-07-15T15:35:11.490695+00:00
d4421e5d-8f64-4258-8132-dab2b6c8b2e1,Mark,Garza,brianroberts@example.org,West Kelsey,NE,US,Consumer,I,2026-07-15T15:35:11.490825+00:00
f0359531-8145-4b61-beb0-877e849481c3,Tamara,Wood,gabriellewest@example.com,East Megan,NC,US,Corporate,I,2026-07-15T15:35:11.490962+00:00
74994688-4db0-43af-9d87-e99c5e52831b,Gregory,Valdez,savannah38@example.org,Lake Phillip,OH,US,Home Office,I,2026-07-15T15:35:11.491070+00:00
f4a387ee-f459-452a-8c3f-a27843f79336,Eugene,Martinez,ortegafrank@example.org,North Heather,MS,US,Consumer,I,2026-07-15T15:35:11.491200+00:00
751a1c48-eec1-4829-92b5-3741555ddd5e,Katherine,Wilson,obryant@example.com,East Toddville,MS,US,Corporate,I,2026-07-15T15:35:11.491318+00:00
3ebdd453-d7da-43ac-9940-fa1687781260,Jessica,Fry,alexandrahanna@example.com,Richardberg,TN,US,Home Office,I,2026-07-15T15:35:11.491471+00:00
c756726c-366a-4de2-88d7-452ceec6d54f,Alexis,Stanley,charles69@example.com,West Brendaton,VI,US,Home Office,I,2026-07-15T15:35:11.491585+00:00
0697d51c-b0bc-4403-b169-9229b81bd073,Kristen,Howe,terri99@example.com,New Robert,DE,US,Home Office,I,2026-07-15T15:35:11.491687+00:00
bc523495-e46d-452d-b1e5-30037f425604,Steven,Mason,weavernicolas@example.com,Lake Gerald,WI,US,Consumer,I,2026-07-15T15:35:11.491825+00:00
09d2c116-5a7f-47b1-a3ad-2412026080f5,Julie,Sloan,terri53@example.org,West Marilynberg,ME,US,Home Office,I,2026-07-15T15:35:11.491927+00:00
f24aca68-5370-4c5c-8bc5-3b894a5f38b1,Jose,Mendez,wendy25@example.net,Harveymouth,KS,US,Consumer,I,2026-07-15T15:35:11.492039+00:00
7fd3a934-7bdb-41e9-896f-443fdf515012,Mark,Jones,benjamin10@example.com,Port Timothy,PA,US,Consumer,I,2026-07-15T15:35:11.492141+00:00
2059bfac-7e1f-4ad6-aa61-b72d9ff6ef88,Alexa,Gutierrez,brewerdustin@example.org,Lake Shannonshire,AS,US,Consumer,I,2026-07-15T15:35:11.492281+00:00
8c9c68bd-8963-40ba-bb62-f4ee1cfd1747,Erik,Perkins,tiffany79@example.com,Ortizbury,MH,US,Home Office,I,2026-07-15T15:35:11.492412+00:00
c2e1f384-ad5e-4f4b-9a91-b0c8bddd6356,Aaron,Ramos,youngsarah@example.org,Bauerfort,GU,US,Corporate,I,2026-07-15T15:35:11.492574+00:00
73ec6b2b-4bc0-4726-97ec-10a57343cf1b,Stacy,Pena,changvalerie@example.com,West Kaylaview,SC,US,Corporate,I,2026-07-15T15:35:11.492706+00:00
37b61ec4-c5ff-46fe-8d10-d154c29e42bb,Lisa,Faulkner,lewisdenise@example.net,New Christine,NY,US,Corporate,I,2026-07-15T15:35:11.492842+00:00
e29e407a-266b-4d73-bb9d-45bba2067fdc,Lisa,Perkins,lewisderek@example.com,Nguyenmouth,VT,US,Consumer,I,2026-07-15T15:35:11.493005+00:00
da36697b-3981-41a7-b6cf-9dfffcbd61bb,Maria,Price,leachjames@example.org,West Brian,RI,US,Corporate,I,2026-07-15T15:35:11.493142+00:00
69570067-cae4-4ba6-869f-e6d88a97ab99,Wanda,Newton,weberbryan@example.org,New Jean,OH,US,Home Office,I,2026-07-15T15:35:11.493294+00:00
00d1c902-4a4e-4472-8948-9fe378a54f85,Christina,Martinez,langcynthia@example.org,North Davidmouth,KY,US,Corporate,I,2026-07-15T15:35:11.493465+00:00
c0178867-094c-4681-8776-f3f122b1d2fc,Jackson,Walker,dphelps@example.com,East Aaronton,IL,US,Consumer,I,2026-07-15T15:35:11.493597+00:00
118df9d7-1196-40b8-9f8c-583d30933105,Sarah,Owens,johnsonjoshua@example.com,North Lauraland,ID,US,Corporate,I,2026-07-15T15:35:11.493749+00:00
69b8635a-477b-4b7a-9542-2dc8dec0461f,Elizabeth,Turner,yoderdarius@example.com,East Jonathanfurt,AK,US,Consumer,I,2026-07-15T15:35:11.493883+00:00
bc69595b-24ee-47b1-aa2e-d2b6460339da,Fernando,Anderson,ihughes@example.com,North Jenniferton,PR,US,Consumer,I,2026-07-15T15:35:11.493989+00:00
3d767620-9e5d-4aa7-ae5f-3793d4ded1a3,Susan,Weaver,jessicachang@example.net,Hendersonstad,AL,US,Home Office,I,2026-07-15T15:35:11.494121+00:00
c17a41b9-32e3-4fcd-ae3f-bf473084d922,Christopher,Silva,patricia18@example.org,South Jessica,ND,US,Corporate,I,2026-07-15T15:35:11.494223+00:00
2f8e2d07-2c12-4b26-a8a5-f3402611f0a4,Timothy,Nelson,jacqueline00@example.net,East Sarah,NE,US,Consumer,I,2026-07-15T15:35:11.494320+00:00
fef3d945-6ad6-4259-8be3-ec3b3514643b,Ryan,Austin,laura50@example.net,New Paulhaven,AK,US,Corporate,I,2026-07-15T15:35:11.494417+00:00
da55dc29-1de3-4f9f-bf5d-5d509d676252,David,Lee,jeannefox@example.net,Danielleside,CO,US,Consumer,I,2026-07-15T15:35:11.494545+00:00
cd25d8a2-5164-43b7-9dee-03abdbd482ab,Karl,Maynard,garciakevin@example.net,West Robertmouth,MT,US,Consumer,I,2026-07-15T15:35:11.494670+00:00
cd8a6740-f822-446c-af76-48a904ffa735,Justin,Wagner,kgreen@example.com,East Pamelaside,OR,US,Consumer,I,2026-07-15T15:35:11.494775+00:00
5136876d-c767-44a8-9488-495c009ae479,Robert,Shaw,ashley06@example.com,North Kevinland,NE,US,Consumer,I,2026-07-15T15:35:11.494872+00:00
6cf7716c-9c49-4efe-97ed-8ecd22b6a8ee,Melissa,Lozano,ksimmons@example.com,Robinshire,AZ,US,Home Office,I,2026-07-15T15:35:11.494976+00:00
3058afd7-6239-4619-88e5-efdd4a8e71d3,Laura,Stephens,crystal43@example.net,Deanchester,MS,US,Consumer,I,2026-07-15T15:35:11.495081+00:00
7044c626-301f-43d3-9e7f-18cda18efbb4,Jennifer,Boone,rwilliams@example.com,New Taraside,RI,US,Consumer,I,2026-07-15T15:35:11.495186+00:00
ead44211-5473-4256-a08d-970a67d54c24,Robert,Patton,aaroncross@example.org,Port Natalie,NY,US,Consumer,I,2026-07-15T15:35:11.495308+00:00
9854bbee-6497-4d9c-95f8-025f282ac448,Catherine,Smith,guzmandavid@example.net,East Michelleport,FM,US,Consumer,I,2026-07-15T15:35:11.495430+00:00
520bc16a-747e-4f46-b622-410fb499d5ea,Roger,King,christinaclark@example.com,New Jessicashire,MS,US,Home Office,I,2026-07-15T15:35:11.495562+00:00
347bed12-2791-4fdc-b92c-a79732159de8,Jennifer,Robinson,zachary56@example.com,New Paul,NC,US,Consumer,I,2026-07-15T15:35:11.495667+00:00
9ac0218f-2a2b-42fc-9e2f-1c0f920edbb4,Anthony,Lucero,cobblatasha@example.org,Atkinsonside,OH,US,Corporate,I,2026-07-15T15:35:11.495811+00:00
02268373-3cf8-425e-9e13-c9679f9fd303,Kenneth,Bryant,weaverthomas@example.com,Nicolemouth,PW,US,Consumer,I,2026-07-15T15:35:11.495942+00:00
ab0148fc-741f-46f4-947a-2819c069470c,Brandon,Lang,timothy82@example.net,Port Jeremybury,MP,US,Corporate,I,2026-07-15T15:35:11.496038+00:00
26d4e2fe-51cd-4489-a641-32ed07de4839,Steven,Schmidt,johnhughes@example.com,New Sierraville,IL,US,Corporate,I,2026-07-15T15:35:11.496160+00:00
aaaafa93-897b-4d25-bc60-1c5f586b8408,Samuel,Simon,mponce@example.net,East Theresa,MI,US,Consumer,I,2026-07-15T15:35:11.496267+00:00
7a9192d2-acfe-40be-a71f-b4df50610782,Elizabeth,Smith,doyleelizabeth@example.net,Samuelmouth,NM,US,Consumer,I,2026-07-15T15:35:11.496405+00:00
c798a629-4075-4a68-9286-4c66d617e1a7,Rodney,Clarke,kathleen69@example.com,Kevinmouth,NC,US,Corporate,I,2026-07-15T15:35:11.496507+00:00
6c174cc2-0e35-47f7-8fe0-fe4dcf7564f1,Tiffany,Kemp,bcooper@example.net,Juanland,HI,US,Consumer,I,2026-07-15T15:35:11.496624+00:00
97f0e21e-b157-47d1-a2e9-7fb919103700,Bobby,Wright,ghughes@example.org,New Roberthaven,AR,US,Corporate,I,2026-07-15T15:35:11.496742+00:00
ef26313d-710d-4b1c-b7bf-095488a36e75,Daniel,Espinoza,greenelouis@example.org,Navarroside,IL,US,Home Office,I,2026-07-15T15:35:11.496903+00:00
52e0dadd-ce83-4252-a34c-9d33c673a1bb,Monica,Palmer,tamara19@example.com,West Amy,IN,US,Consumer,I,2026-07-15T15:35:11.496998+00:00
b7d4b5bf-f084-4f03-949f-0edcfadde666,Nathan,Miller,daniel86@example.com,Torreshaven,GA,US,Consumer,I,2026-07-15T15:35:11.497105+00:00
2e1be789-6dde-4466-8e67-14e4f4c81f49,Shannon,Armstrong,whiteruth@example.com,Lindseyview,DC,US,Corporate,I,2026-07-15T15:35:11.497245+00:00
21b8eb7b-b486-4b9b-b7d3-73ab953a5fab,Anthony,Hernandez,james97@example.org,Danaton,PR,US,Home Office,I,2026-07-15T15:35:11.497357+00:00
30d803a8-2d3a-44c7-8ad2-ee21edb8486d,John,Price,michaelmoon@example.org,Hollandport,NC,US,Home Office,I,2026-07-15T15:35:11.497504+00:00
a6b71e44-8e2d-4be8-9a59-2c0c2711d3f6,Jessica,Duran,ashley90@example.org,Ericksonview,PW,US,Consumer,I,2026-07-15T15:35:11.497634+00:00
ca17b58c-4fdd-43f4-8ca3-7b5d91d26c74,Catherine,Freeman,walkerannette@example.net,North Joseph,NE,US,Home Office,I,2026-07-15T15:35:11.497769+00:00
8de0087f-d5f0-4f93-afc5-0274018cf9e1,Debra,Mullins,brenda85@example.com,New Tony,WA,US,Corporate,I,2026-07-15T15:35:11.497890+00:00
5019c278-4f03-4520-a4d4-1df61d81ba83,Kyle,Brown,shannonramirez@example.com,New Natalie,AK,US,Home Office,I,2026-07-15T15:35:11.498034+00:00
5da6c726-ae25-4249-a1f3-97e45ddca300,Fernando,Sharp,nicholefrench@example.org,New Julia,VI,US,Home Office,I,2026-07-15T15:35:11.498200+00:00
242a1a19-e777-4023-a929-35145673ab64,Dylan,Mayer,hmartinez@example.org,Delacruzmouth,AL,US,Corporate,I,2026-07-15T15:35:11.498403+00:00
b30854be-7fa6-4305-9b20-ec0ec16847ac,Shane,Martin,egraham@example.com,Alexisview,VI,US,Consumer,I,2026-07-15T15:35:11.498520+00:00
5e1f718b-b420-4315-9962-553a7ba9ff82,Edwin,Cole,leelaura@example.com,Chaneyberg,TX,US,Consumer,I,2026-07-15T15:35:11.498664+00:00
d17f4d85-825f-4946-b584-cb972b6137aa,Sherry,Quinn,jonathan87@example.com,Tinastad,RI,US,Corporate,I,2026-07-15T15:35:11.498785+00:00
3b87a5f3-8a94-4399-8226-ece67a912247,Lauren,Smith,smithsierra@example.org,Amandaburgh,AL,US,Consumer,I,2026-07-15T15:35:11.498929+00:00
b6a37d08-89c5-4831-8f8f-649abdfce5d0,Erica,Clark,gpatel@example.com,Port Eric,GU,US,Corporate,I,2026-07-15T15:35:11.499040+00:00
c0ff4990-84ce-4a9f-a169-bc4e9147549c,Jillian,Bright,bryantdeanna@example.org,West Joanna,CT,US,Corporate,I,2026-07-15T15:35:11.499165+00:00
deca0984-dac2-4ca3-aabf-4a1b4d84efff,Charles,Logan,rosechristopher@example.net,Lindaville,IA,US,Consumer,I,2026-07-15T15:35:11.499283+00:00
f0d170e8-29db-457e-95aa-899c34de7b15,Tina,Parker,nicole14@example.net,Kathrynberg,OH,US,Home Office,I,2026-07-15T15:35:11.499385+00:00
71ebac06-d0d5-4462-b21e-a3e7367265a9,Joyce,Wood,brandonnewman@example.org,Josephburgh,VI,US,Home Office,I,2026-07-15T15:35:11.499504+00:00
26faef32-4d89-4ca9-8e12-37f3a140238b,Michael,Padilla,bradley24@example.com,Perezfort,DC,US,Consumer,I,2026-07-15T15:35:11.499614+00:00
c088207b-3193-4a3e-9f6d-d69e319c0d90,Alice,Davidson,raymond95@example.com,West Kimberlyfurt,MI,US,Consumer,I,2026-07-15T15:35:11.499717+00:00
82db79cb-5f47-4445-9d86-9228b6e78371,Tiffany,Reynolds,natalie03@example.com,Lake Calvinside,WA,US,Home Office,I,2026-07-15T15:35:11.499820+00:00
a6e32b21-7cc4-4b12-86c1-7bed3a3bc94e,Charles,Orozco,jennifer84@example.org,Jenniferville,IL,US,Corporate,I,2026-07-15T15:35:11.499922+00:00
e49ffd73-4488-42f0-b417-9c98afff20e5,Teresa,Stephenson,stevenmurray@example.com,Thompsonshire,AS,US,Corporate,I,2026-07-15T15:35:11.500052+00:00
005b2e67-6e3e-439b-9e9d-aca809eb762b,Joshua,Jackson,whitney42@example.org,Port Davidbury,UT,US,Corporate,I,2026-07-15T15:35:11.500160+00:00
5f0909da-5eab-4da1-bf93-582c4dfb4efa,Jason,Gonzalez,ghutchinson@example.net,Lake Austin,IL,US,Consumer,I,2026-07-15T15:35:11.500271+00:00
2444e3fa-e14e-469e-9c9c-f8e5cc6197b8,Brittany,Taylor,navarrorandy@example.com,Tapiabury,CA,US,Consumer,I,2026-07-15T15:35:11.500409+00:00
7ae8623d-4e6b-4df0-a3a1-a7a773f35119,Omar,Baker,pprice@example.org,Port Jennifer,FM,US,Corporate,I,2026-07-15T15:35:11.500510+00:00
8ce41ca0-1394-4185-9906-635f9ac4898d,Timothy,Mathews,saundersmatthew@example.net,Faulknertown,CA,US,Home Office,I,2026-07-15T15:35:11.500656+00:00
b58ad6c7-c3cb-4312-90e4-a1384102b67c,Timothy,Garcia,munoztara@example.net,Murrayton,ID,US,Home Office,I,2026-07-15T15:35:11.500796+00:00
9eb3f11c-5005-4b7b-b716-b114cd42d73a,Brian,Cantrell,ocox@example.com,Castroville,MH,US,Home Office,I,2026-07-15T15:35:11.500914+00:00
4b8c845b-496c-46c9-8d4d-af5bd768bca7,Donna,Erickson,rmorgan@example.com,Stevensfort,OH,US,Corporate,I,2026-07-15T15:35:11.501027+00:00
b1060164-8488-4c3e-85f4-5b802e906074,Anthony,Hebert,eanderson@example.net,Port David,MP,US,Home Office,I,2026-07-15T15:35:11.501138+00:00
52abb2b7-51bb-4a57-b68a-2bbe6064bcc3,Ronald,Adams,hbennett@example.net,North Rachel,MA,US,Consumer,I,2026-07-15T15:35:11.501249+00:00
bb68a4fb-e18d-42ef-982b-f55d99a68cab,Ariana,Dean,douglasronald@example.com,West Michelleshire,TX,US,Home Office,I,2026-07-15T15:35:11.501380+00:00
28ebd0dc-44cd-479e-8980-b00f96b42701,Ashley,Scott,ruthrogers@example.org,East Reginaldbury,MO,US,Home Office,I,2026-07-15T15:35:11.501507+00:00
77b8317d-272f-465e-b425-044e495d38d0,Michael,Perkins,beckeraimee@example.net,West Arielport,MA,US,Home Office,I,2026-07-15T15:35:11.501642+00:00
e8f84561-55b4-4bf2-8a47-c52ad19e3f68,Daniel,Stone,mortonjeffrey@example.net,Danielton,WV,US,Home Office,I,2026-07-15T15:35:11.501780+00:00
aedcf164-03c0-4730-8875-515b34617d0d,Erin,Clark,erica66@example.org,Huangport,AZ,US,Consumer,I,2026-07-15T15:35:11.501941+00:00
fd80914c-1937-430e-b751-1f28812cb24a,Theresa,Marsh,valenciapaul@example.com,Tinaport,MI,US,Home Office,I,2026-07-15T15:35:11.502070+00:00
ed368679-8dd5-4518-85d0-cb90155bfb17,Mary,Nunez,thomasmeredith@example.org,Davidfort,SD,US,Corporate,I,2026-07-15T15:35:11.502200+00:00
2c5ed988-9834-483e-a70f-399a78e85179,Jennifer,Gross,gonzalezheather@example.org,Lake Philipshire,NM,US,Home Office,I,2026-07-15T15:35:11.502331+00:00
77103adf-0f54-4b46-bb71-667554b99bb5,David,Hamilton,walterjordan@example.com,North Carla,NH,US,Consumer,I,2026-07-15T15:35:11.502458+00:00
f4c371ea-9e80-46a8-928e-e7fcef4cdc2b,Robert,Carter,melliott@example.net,Patricktown,NY,US,Corporate,I,2026-07-15T15:35:11.502579+00:00
a3fff8b9-cbd5-4ad1-bb98-b5f6b40f7769,Jacob,Shaffer,saralyons@example.com,Lake Jeremiah,OK,US,Corporate,I,2026-07-15T15:35:11.502709+00:00
526bb400-d963-43e9-abf1-2e966dca6874,Mario,Sanchez,roachalex@example.org,East Jessica,PW,US,Corporate,I,2026-07-15T15:35:11.502839+00:00
ce11ede4-4ab6-432a-90f5-c4762fa223ac,Melissa,Meyers,joshua82@example.net,North Sherrimouth,MS,US,Home Office,I,2026-07-15T15:35:11.502938+00:00
82f6cf15-ab8d-4439-b693-97a4efef5035,Kelli,Cole,leahwest@example.org,Mccoymouth,KY,US,Consumer,I,2026-07-15T15:35:11.503081+00:00
c0a33c03-e515-4b77-b43e-679646c9796e,Judith,Henry,elizabethrivera@example.org,East Jared,GU,US,Corporate,I,2026-07-15T15:35:11.503214+00:00
100b3c6a-3e8c-48b0-afc5-23c81da5c811,Bruce,Harvey,pollardjessica@example.com,West Kevin,SD,US,Corporate,I,2026-07-15T15:35:11.503346+00:00
9b428865-e69f-49b2-8e6d-c4dde3ea2589,Valerie,Powers,rtucker@example.com,Batesmouth,OR,US,Consumer,I,2026-07-15T15:35:11.503469+00:00
cc88540a-39e7-4870-9ceb-67140ec301e2,Stacey,Lara,michael72@example.net,Sherrimouth,OK,US,Corporate,I,2026-07-15T15:35:11.503573+00:00
40f40a76-435d-40d8-94a6-af6ef1c0177e,Katrina,Martinez,adamsroberto@example.net,Port Pamela,DE,US,Home Office,I,2026-07-15T15:35:11.503704+00:00
eda26e53-cf15-4af4-b531-b3fe02b155e1,Elizabeth,Bridges,njames@example.net,Harmonstad,PR,US,Consumer,I,2026-07-15T15:35:11.503825+00:00
2f08cb33-1277-4baf-8d2c-d97326e36d22,James,Dixon,walvarez@example.org,West Elizabethview,ND,US,Consumer,I,2026-07-15T15:35:11.503934+00:00
7edd6d82-447a-42f4-b1cb-b61bda3ac5f5,Allison,Murphy,monica58@example.net,West Adamton,TX,US,Consumer,I,2026-07-15T15:35:11.504036+00:00
cd9bd5af-0e13-489b-9541-f19cd322461a,Benjamin,Sanders,josephcain@example.org,East Isaac,CO,US,Home Office,I,2026-07-15T15:35:11.504166+00:00
d75b6c60-78f1-4fdb-9efb-a0b7f798f436,Chelsey,Weiss,bobby25@example.com,Kaylamouth,CO,US,Home Office,I,2026-07-15T15:35:11.504270+00:00
8517857d-cff3-41c3-9cc7-e4231d4906d0,Andrew,Mendoza,armstrongsusan@example.net,Port Karenbury,MP,US,Corporate,I,2026-07-15T15:35:11.504408+00:00
09cfc504-8101-4dd2-b57e-abc2aa0a6124,Kristen,Chen,vpena@example.org,Garychester,NJ,US,Consumer,I,2026-07-15T15:35:11.504521+00:00
57742bac-3ec8-49b7-8304-57cd3f86d5f7,Donna,Berger,joshua11@example.org,Brooksville,IL,US,Corporate,I,2026-07-15T15:35:11.504634+00:00
81aa7048-3f9f-4bb7-84ac-eae687592c84,Michelle,Kelly,jefferykeith@example.net,Dustinville,DE,US,Corporate,I,2026-07-15T15:35:11.504764+00:00
40c34724-99fc-4983-b604-33d44f353584,Jessica,Castillo,vpearson@example.org,South Wendybury,OH,US,Consumer,I,2026-07-15T15:35:11.504876+00:00
3ee50cd5-4854-4936-8451-239b875f325b,Christopher,Davis,garythomas@example.org,Stephaniemouth,KY,US,Home Office,I,2026-07-15T15:35:11.505006+00:00
7590b10f-d21e-4f57-a345-80bfe233bafe,Adam,Whitaker,terri37@example.org,Port Josephhaven,NM,US,Corporate,I,2026-07-15T15:35:11.505108+00:00
8ee919d7-30ad-4a80-b766-88c4740d6f7f,Thomas,Martinez,bferguson@example.com,Perryhaven,MD,US,Corporate,I,2026-07-15T15:35:11.505228+00:00
6ebba433-56fb-45fa-9fc3-ecdf89e97a6a,Amy,Shelton,yrobinson@example.com,West Deborah,MO,US,Home Office,I,2026-07-15T15:35:11.505340+00:00
1ee39d59-66b9-49c6-b28b-7513657ff791,Kevin,Fleming,mcdonaldkeith@example.org,Port Eric,AL,US,Home Office,I,2026-07-15T15:35:11.505471+00:00
bfd2def5-0ab5-4edf-803e-351d42ababcd,James,Hart,kaylakane@example.org,Hickstown,MT,US,Consumer,I,2026-07-15T15:35:11.505610+00:00
c9f7a8e0-2ba0-4c23-9ce9-b86fea50e6ea,Tommy,Thompson,gary10@example.net,Jonathanchester,WA,US,Consumer,I,2026-07-15T15:35:11.505712+00:00
fc4e2377-2cc4-4705-bc24-61d8c9c64976,Eric,Murphy,lbauer@example.net,Kellerview,MT,US,Home Office,I,2026-07-15T15:35:11.505832+00:00
eefede9c-cd7e-4780-87b7-d7c1efc74716,Christine,Conway,todd84@example.net,Harrisshire,WY,US,Consumer,I,2026-07-15T15:35:11.505943+00:00
a3a445e9-37ac-41ce-91b5-d146e02c23dc,Susan,Boyd,rguzman@example.net,Patriciahaven,OR,US,Corporate,I,2026-07-15T15:35:11.506059+00:00
058457be-a18d-4ee6-a371-cd02458479d2,Jamie,Jones,sheri69@example.org,Lake Seth,OH,US,Corporate,I,2026-07-15T15:35:11.506164+00:00
dd6f5549-9f94-450e-a894-bbc4eacab784,Steven,Wells,williamssandra@example.org,Hunterstad,GU,US,Consumer,I,2026-07-15T15:35:11.506307+00:00
b97aad3a-5e6b-4582-b180-9cab0a8f3b82,Kyle,Lee,joy85@example.net,South Eric,MS,US,Home Office,I,2026-07-15T15:35:11.506412+00:00
67fcb5fe-89f9-4190-99b9-f522adfc1862,Brady,Young,xtanner@example.org,Catherineborough,DC,US,Home Office,I,2026-07-15T15:35:11.506523+00:00
2db65b37-d83f-4183-9409-0f826187d87b,Elijah,Ramirez,qharris@example.com,Brandonton,PR,US,Corporate,I,2026-07-15T15:35:11.506634+00:00
4c1466a2-642e-4655-9de4-fec11b497c0f,Rachel,Reeves,chad20@example.com,Martinbury,MA,US,Home Office,I,2026-07-15T15:35:11.506744+00:00
611eda79-575a-4411-b8be-f20c66c972bb,Jill,Holt,njohnson@example.org,Andrefort,AK,US,Consumer,I,2026-07-15T15:35:11.506855+00:00
c0eea6fa-ff7b-481f-85cf-1afb3bd7dd39,Richard,Lopez,mackenzie58@example.com,Simsstad,OR,US,Corporate,I,2026-07-15T15:35:11.506970+00:00
e1a5893e-3cfd-44ff-b075-c9a1060e7c9f,Derek,Gonzalez,william95@example.net,North Robertburgh,MI,US,Consumer,I,2026-07-15T15:35:11.507079+00:00
5a66288d-890d-462c-b71f-801e22ba8023,Janice,Taylor,penningtonsara@example.net,Lake Christopher,WI,US,Consumer,I,2026-07-15T15:35:11.507211+00:00
bec7f2b1-044e-4d4a-a7b6-aee2e6436bbe,Michael,Hansen,sramos@example.org,Burnsshire,SC,US,Home Office,I,2026-07-15T15:35:11.507334+00:00
085269c7-af6d-4eba-aa40-a29cc4e3df24,Steven,Burgess,billyflynn@example.com,East Cory,LA,US,Home Office,I,2026-07-15T15:35:11.507465+00:00
53dfd8cb-9fb7-4463-871a-e58bf6c1fe7e,Jason,Cline,wmorgan@example.org,North Carolyn,OH,US,Corporate,I,2026-07-15T15:35:11.507576+00:00
b52091c8-9cfd-4ede-aae3-fa5fcabc08b4,Sergio,Martin,groberts@example.com,East Cheryl,NC,US,Corporate,I,2026-07-15T15:35:11.507687+00:00
1636204f-143e-4634-9857-74e091de7d12,Matthew,Gomez,qhuffman@example.org,Juanside,PR,US,Home Office,I,2026-07-15T15:35:11.507799+00:00
6ed6f927-c8b6-4c3c-9683-a44fa3bf99a5,Brian,Wright,longian@example.net,Sullivanborough,VT,US,Home Office,I,2026-07-15T15:35:11.507939+00:00
5a589b87-933c-4f04-af9b-92a28bb92e9f,Susan,Lynch,sandra72@example.net,Kellyview,WA,US,Consumer,I,2026-07-15T15:35:11.508041+00:00
97fc8c1b-173a-4d63-8493-56634a6121cc,Sean,Burgess,angelicajohnson@example.com,Aliciaborough,VT,US,Corporate,I,2026-07-15T15:35:11.508171+00:00
84e6dc94-6e93-483b-846b-985d4296924e,Heidi,Mitchell,luiswilkinson@example.org,Kelseystad,AL,US,Corporate,I,2026-07-15T15:35:11.508301+00:00
4c173651-e09b-4c07-a235-0d4b872239d7,Elizabeth,Oneal,stewartbrent@example.org,Taylorfort,MT,US,Consumer,I,2026-07-15T15:35:11.508441+00:00
d4fdcd98-71df-4bbf-bcec-2ed6bb53a454,Michael,Chan,smithcarly@example.com,Elizabethport,AS,US,Corporate,I,2026-07-15T15:35:11.508571+00:00
87a7584e-78a3-496f-93b8-2b7e7cbc512b,Tracy,Mills,haley59@example.org,Walkerbury,RI,US,Corporate,I,2026-07-15T15:35:11.508682+00:00
7e4a203a-a86d-422f-b01a-6337fd59f371,Robert,Mercado,yhiggins@example.net,East Christinafort,MA,US,Consumer,I,2026-07-15T15:35:11.508795+00:00
2618602e-9e15-43e6-bfbb-c640970ee68b,Aaron,Cabrera,sgonzales@example.com,Websterbury,KS,US,Consumer,I,2026-07-15T15:35:11.508915+00:00
50e30770-596c-4cdd-bee0-26c85e502730,Samuel,Glass,robert07@example.org,New Abigail,NY,US,Consumer,I,2026-07-15T15:35:11.509017+00:00
3b1e82ae-d06c-4353-bafd-ebd48dfe26da,Julie,White,mwright@example.com,North Kelliehaven,SC,US,Corporate,I,2026-07-15T15:35:11.509129+00:00
256db334-fe6d-43aa-89eb-3228506fd547,Austin,Jennings,mallen@example.net,Gallagherburgh,TN,US,Corporate,I,2026-07-15T15:35:11.509250+00:00
9621f1fd-092a-4041-b60e-37e8410d00e2,Jose,Ramirez,henryward@example.org,Brandonshire,MD,US,Corporate,I,2026-07-15T15:35:11.509380+00:00
8cac45bf-aa10-45f1-bbc9-98bab2e1c399,Dawn,Peters,jenniferlogan@example.org,Lake Timothyton,MI,US,Corporate,I,2026-07-15T15:35:11.509512+00:00
349d12dc-2e21-466d-b23c-a8b252b98a3f,Matthew,Cox,haleycheyenne@example.org,Jacksonmouth,RI,US,Consumer,I,2026-07-15T15:35:11.509658+00:00
f9110221-a447-4297-a860-61fb16d534b7,Matthew,Bauer,raymondbest@example.com,West Marymouth,WY,US,Home Office,I,2026-07-15T15:35:11.509799+00:00
2932e1b3-83fd-45fd-9105-c94d8d6cd10f,Cody,Lopez,thomas94@example.org,Michaelfurt,AZ,US,Corporate,I,2026-07-15T15:35:11.509913+00:00
780a93d5-5cf7-48d5-8900-9319f7aa1352,Omar,Shaw,dennisbailey@example.org,Reedfort,OK,US,Corporate,I,2026-07-15T15:35:11.510059+00:00
a4448645-dd27-406c-aac0-d7ffe60f1fe0,Christopher,Oneill,josejimenez@example.net,East Robertborough,UT,US,Corporate,I,2026-07-15T15:35:11.510189+00:00
f1434269-8626-4e0c-84ae-64e72470c784,Billy,Jones,jennifer04@example.org,Simonfurt,GU,US,Corporate,I,2026-07-15T15:35:11.510301+00:00
7a67fe6c-f6fa-48f3-b2b3-df51ecaf6809,Christopher,Alexander,roberta99@example.net,Kimport,UT,US,Home Office,I,2026-07-15T15:35:11.510412+00:00
0717959b-5882-41fc-8f31-e12ab29e6847,Yolanda,Cook,iwhite@example.org,Lake Justinview,MD,US,Corporate,I,2026-07-15T15:35:11.510524+00:00
6b77e17e-b089-4bb9-98dd-310bc766acd7,Rose,Murphy,matthewchapman@example.com,South Johnborough,MT,US,Home Office,I,2026-07-15T15:35:11.510656+00:00
267bc07c-cfc8-43e3-8aac-cb8564cd1546,Rebecca,Bishop,markfernandez@example.org,Johnsonfurt,MN,US,Home Office,I,2026-07-15T15:35:11.510797+00:00
f6ca1ae7-e0fa-49a7-8a1a-757f9413a98a,Jasmine,Hernandez,jayklein@example.net,East Jennahaven,SC,US,Home Office,I,2026-07-15T15:35:11.510929+00:00
9cea28bc-5a02-4181-961c-53386481cdc7,Jennifer,Thompson,daviskimberly@example.com,Port Benjamin,DC,US,Home Office,I,2026-07-15T15:35:11.511059+00:00
0a16af50-8972-44fb-80cf-3dfa6423b347,Erin,Bailey,luke77@example.com,North Edwardfurt,VT,US,Home Office,I,2026-07-15T15:35:11.511161+00:00
8115d372-d41d-4182-ac95-de18af532dda,Stephen,Kim,ksmith@example.org,Heatherchester,MI,US,Corporate,I,2026-07-15T15:35:11.511275+00:00
05a45c51-8bc0-4c2a-830d-c83d10da24ea,Candice,Edwards,snowashley@example.org,Meganport,WY,US,Corporate,I,2026-07-15T15:35:11.511409+00:00
e5be737a-c9b1-4be5-b100-9a0972091da9,Brian,Jackson,rita09@example.org,Port Davidborough,PA,US,Home Office,I,2026-07-15T15:35:11.511520+00:00
e0a14813-15f6-43ac-860e-c086f9060215,Omar,Garcia,jenniferbrown@example.org,Port Robertton,MT,US,Consumer,I,2026-07-15T15:35:11.511652+00:00
851024e6-4602-4452-b2b4-75d1216ef74d,Michael,Harper,ryanross@example.net,Kevinville,ND,US,Corporate,I,2026-07-15T15:35:11.511781+00:00
731fd5ef-0fb4-4e41-91f2-798f1e5ef9aa,Joseph,Doyle,joseph75@example.net,Ashleychester,DC,US,Corporate,I,2026-07-15T15:35:11.511883+00:00
38d11a5f-3cbe-4fa5-9c7f-4457c20e113f,David,Duarte,bnoble@example.com,East Brandon,MP,US,Home Office,I,2026-07-15T15:35:11.511994+00:00
cc0d41d4-c9ad-4115-a08a-e2b5dd7a3ca0,Melissa,Daniel,castilloadam@example.org,West Scott,MI,US,Corporate,I,2026-07-15T15:35:11.512123+00:00
bd960daa-146d-4fbf-b4b0-9deb647e259e,Danielle,Raymond,tammy47@example.com,North Christopherport,AS,US,Home Office,I,2026-07-15T15:35:11.512226+00:00
0ec5b1bf-7113-4269-9c9a-733f3970250a,Devin,Michael,dsmith@example.org,Perryborough,CT,US,Corporate,I,2026-07-15T15:35:11.512356+00:00
90d0d1ca-f7d1-4418-a41a-3026c2bfd0c6,Jeremy,Wilson,jennifervaldez@example.org,West Brandon,MD,US,Consumer,I,2026-07-15T15:35:11.512495+00:00
cf6e732f-8c87-4db7-88af-2706fc95095a,Cynthia,Marsh,kbraun@example.net,Port Kristine,SD,US,Home Office,I,2026-07-15T15:35:11.512606+00:00
e468c9c4-8c41-4ea5-992d-a60afb68f669,Martin,Lambert,sandra41@example.org,Brownland,AZ,US,Consumer,I,2026-07-15T15:35:11.512716+00:00
8aeb1d33-5984-4eab-8bca-d723da8a49a9,Regina,Powers,barbersamantha@example.net,North Maryfort,AK,US,Corporate,I,2026-07-15T15:35:11.512848+00:00
b612ca19-e766-4c75-8c8d-0fd406e396c0,Billy,Farley,jason93@example.org,East Dustin,IL,US,Home Office,I,2026-07-15T15:35:11.512950+00:00
02c19279-cd5b-4727-8b2f-83a9ddddc193,David,Osborne,jeffreyward@example.net,Robertstown,ME,US,Home Office,I,2026-07-15T15:35:11.513089+00:00
1e673757-f23f-4202-8898-74927afba511,Scott,Wright,ahuff@example.org,Johnnyview,PA,US,Home Office,I,2026-07-15T15:35:11.513201+00:00
e500bb56-7ec3-4ed8-bb41-dd5ab6d35cf3,Susan,Thompson,caitlin14@example.com,Amyborough,ID,US,Corporate,I,2026-07-15T15:35:11.513303+00:00
b5f7aef2-1b4d-430e-8e6f-0527ccb980f6,Stacy,Aguilar,joshua05@example.com,Tamarastad,NJ,US,Corporate,I,2026-07-15T15:35:11.513406+00:00
45a79fbb-1352-464a-9330-7a09bada8967,Michele,Johns,proberts@example.net,Lake Tiffany,ME,US,Consumer,I,2026-07-15T15:35:11.513517+00:00
3f1d9362-c952-4b20-b8d9-a12ece3548f7,Douglas,Martinez,halepenny@example.com,Morganmouth,NM,US,Corporate,I,2026-07-15T15:35:11.513657+00:00
63f734c0-8797-4c65-a4e6-2a79561b3b45,Stacy,Massey,jessica87@example.org,Lake Stacey,RI,US,Consumer,I,2026-07-15T15:35:11.513759+00:00
b864a84d-78f7-4f95-be92-fa996f4194ef,Brian,Pacheco,schultzrebecca@example.org,West Ryan,WY,US,Corporate,I,2026-07-15T15:35:11.513890+00:00
6e30bc37-9596-4ba6-83ba-ab51eeeeb50d,Grace,Reid,jeremy25@example.org,North Dawnville,OH,US,Home Office,I,2026-07-15T15:35:11.513998+00:00
052960d2-ab9f-4cde-8083-826f620c5fd0,William,Moore,fwagner@example.net,Port Ashleyfort,AZ,US,Corporate,I,2026-07-15T15:35:11.514110+00:00
cab55b69-faa3-4c6a-a875-a3fa2ad03c12,Tracy,Lewis,pamela22@example.com,Matthewfort,ME,US,Corporate,I,2026-07-15T15:35:11.514211+00:00
006e53b4-bc6d-477e-8fc4-939dd237c11a,Johnathan,Williams,zrogers@example.com,North Melissa,DE,US,Home Office,I,2026-07-15T15:35:11.514322+00:00
38099c2f-616b-4ccd-aad5-809ad350ded2,Ann,Allen,tony32@example.org,East Amandaport,VI,US,Home Office,I,2026-07-15T15:35:11.514424+00:00
ab9b4cfb-2288-40c3-a70d-896b62f547c7,Amy,Kirby,plowe@example.com,New Kevintown,OR,US,Home Office,I,2026-07-15T15:35:11.514536+00:00
805be93b-ff18-4d31-8002-676c51f311c9,Curtis,Fernandez,ryanthomas@example.net,Josephshire,AS,US,Home Office,I,2026-07-15T15:35:11.514666+00:00
e2d898e2-f5dd-4a42-bef3-b12b2e99eb07,Jill,Miller,scooper@example.net,West Walterfort,ME,US,Corporate,I,2026-07-15T15:35:11.514778+00:00
792bc8b6-2792-4201-a6c5-ed7dbcb88c06,Matthew,Jones,erikalambert@example.org,Lake Joseph,OH,US,Home Office,I,2026-07-15T15:35:11.514908+00:00
73009b98-5465-43a1-81c8-bbf95f9206d9,Taylor,Wong,melanieprice@example.net,Younghaven,ME,US,Home Office,I,2026-07-15T15:35:11.515059+00:00
0ab22d53-a835-4d24-9b96-ded2a64dc31a,Brittany,Ruiz,fmoore@example.com,North Danielmouth,WI,US,Corporate,I,2026-07-15T15:35:11.515170+00:00
76b45350-c94d-4cff-a609-1a725cfe3b6c,Leah,Ali,ywagner@example.net,East Jamie,TX,US,Consumer,I,2026-07-15T15:35:11.515281+00:00
a8a0e200-ef5c-4615-907d-4b51161ed7d6,Travis,Saunders,suarezwayne@example.org,East Michaelville,MD,US,Corporate,I,2026-07-15T15:35:11.515412+00:00
52f5400c-7ae3-44be-a923-511a1379254c,Jennifer,Guerrero,hleach@example.org,Lopezville,MD,US,Corporate,I,2026-07-15T15:35:11.515532+00:00
40e2151f-64d4-4166-8a30-d85adb0bca50,Peter,Hicks,christopherwashington@example.com,New Autumn,FL,US,Corporate,I,2026-07-15T15:35:11.515663+00:00
8c535cfe-a78d-44db-ad8d-6105c2567fc1,Keith,Reid,johnsonmelissa@example.org,Bethland,ID,US,Corporate,I,2026-07-15T15:35:11.515806+00:00
0d9c08ba-3d82-4f81-b167-7b2ef14704b2,Lauren,Dominguez,jenniferjohnson@example.com,Leeshire,NE,US,Consumer,I,2026-07-15T15:35:11.515954+00:00
9fa06f56-5296-4fc5-83fe-a89b01e1acf2,Gabrielle,Mcneil,gflores@example.com,East Frederick,VI,US,Home Office,I,2026-07-15T15:35:11.516087+00:00
9106e387-198c-40e6-b456-7e9f6a16e392,Kelly,Cabrera,zsmith@example.com,Lake Brian,MO,US,Corporate,I,2026-07-15T15:35:11.516230+00:00
e616184d-f40e-4fdb-9bd0-cff2a927a634,Daniel,Joseph,abriggs@example.net,Jonesview,DE,US,Home Office,I,2026-07-15T15:35:11.516352+00:00
26bfad9e-2396-42ec-802d-a576bd9725ca,John,Fischer,virginiaparks@example.org,Hernandezland,VI,US,Consumer,I,2026-07-15T15:35:11.516498+00:00
e8850d92-3d05-4c77-a087-eacb94de9d97,Kim,Miller,xcampbell@example.com,Portermouth,IL,US,Consumer,I,2026-07-15T15:35:11.516621+00:00
365e9fed-a778-4c1c-9eef-abf95f60e1e4,Ian,Rodriguez,keithjensen@example.com,Lynnside,MA,US,Corporate,I,2026-07-15T15:35:11.516779+00:00
eab18030-d308-4d8e-b4f4-01f3aff0d2a6,Thomas,Harrington,xcalderon@example.com,Lake Christopherside,MI,US,Home Office,I,2026-07-15T15:35:11.516901+00:00
99a9e769-6ee2-45bb-b9e0-7c04ae067f3a,Nancy,Hood,ambermichael@example.com,New Joshuaport,WY,US,Corporate,I,2026-07-15T15:35:11.517036+00:00
ba71cdb6-4634-4762-9f96-514ebd9c6c53,John,Mcconnell,parkerdaniel@example.com,Kingmouth,NY,US,Corporate,I,2026-07-15T15:35:11.517201+00:00
cdbd5ae1-25e8-4204-a220-ae994466100b,Jennifer,Peterson,dannythompson@example.com,Payneberg,MA,US,Home Office,I,2026-07-15T15:35:11.517348+00:00
a5ecef1a-526a-4a00-bd65-36dbca7045d1,Robert,Ross,jamesbanks@example.net,East Amandaborough,KS,US,Consumer,I,2026-07-15T15:35:11.517480+00:00
dc50c179-1366-4b45-bec7-4a9d531bdef4,Julie,Wilson,nathan44@example.com,Jakeland,MD,US,Home Office,I,2026-07-15T15:35:11.517606+00:00
f1599721-99ad-4426-844b-ea4f13d66290,Lauren,Dunn,charles47@example.com,Lake William,TN,US,Corporate,I,2026-07-15T15:35:11.517718+00:00
8b9235ba-2336-4fee-8370-462df846afbf,Anthony,Roman,jonestonya@example.com,Reevesport,MI,US,Consumer,I,2026-07-15T15:35:11.517890+00:00
e54520e6-df1c-4a38-a865-7095a22cd88d,Michael,Williams,lindsey56@example.net,Joshuafurt,ID,US,Consumer,I,2026-07-15T15:35:11.517997+00:00
adb13e74-2571-4b89-953e-5d8399ac4d63,Bryan,Johnson,weekskelly@example.com,Jasonshire,MS,US,Corporate,I,2026-07-15T15:35:11.518129+00:00
c3eebbfa-4222-4640-9324-8fe20b49714b,Kelly,Johnson,osaunders@example.com,Rochafurt,MA,US,Consumer,I,2026-07-15T15:35:11.518249+00:00
895cd2e6-2438-4240-8f12-86d32ea16402,Jerry,Nichols,james98@example.com,Port Laura,CA,US,Consumer,I,2026-07-15T15:35:11.518351+00:00
49a60246-9f03-463b-bd9a-631a09a12a08,Richard,Carey,shawn62@example.net,Smithfurt,WA,US,Consumer,I,2026-07-15T15:35:11.518462+00:00
439d06e4-be4a-413b-b1c8-047c8d77eb05,Joshua,Jones,bperry@example.org,New Martintown,NE,US,Corporate,I,2026-07-15T15:35:11.518574+00:00
0070f44b-01dc-4dc7-84a2-868346c8c492,Amber,Cruz,ijensen@example.net,Steventon,NH,US,Corporate,I,2026-07-15T15:35:11.518685+00:00
76eb3843-4317-472d-9361-59995584954c,William,Benitez,carterkevin@example.org,Lake Tiffanyport,TN,US,Home Office,I,2026-07-15T15:35:11.518816+00:00
599ed1f8-5ad9-4f3f-93be-d4adc903a313,Mark,Farley,xjohnson@example.org,Nataliestad,MI,US,Consumer,I,2026-07-15T15:35:11.518927+00:00
74586ba5-f20a-49b0-975f-461dd34b5e58,Jonathan,Lee,wardgabrielle@example.com,Cindymouth,GA,US,Consumer,I,2026-07-15T15:35:11.519057+00:00
ffee45c2-2bed-4e2b-9d30-1134d3d64b70,Chad,Green,jillian34@example.com,Davidshire,MD,US,Consumer,I,2026-07-15T15:35:11.519158+00:00
0dbc60e4-a595-4422-9b52-9a003a618105,Emily,Miller,traci31@example.org,New Nicholechester,MA,US,Corporate,I,2026-07-15T15:35:11.519261+00:00
5fe579ab-1338-4fe2-985e-95d1963527f6,James,Reeves,rachel53@example.net,Woodsview,AZ,US,Consumer,I,2026-07-15T15:35:11.519372+00:00
70da2f21-d34f-4a1c-8b0d-1d93ca15dda2,Marie,Donovan,jordan25@example.org,North Robert,IA,US,Corporate,I,2026-07-15T15:35:11.519474+00:00
fd952cbd-92e4-4be4-9b78-0af83f07f997,Joseph,Moore,robinsonmark@example.net,Harrishaven,PA,US,Consumer,I,2026-07-15T15:35:11.519614+00:00
e1580943-4b91-417e-b0bd-f9841ae329f8,Tracy,Smith,edwardskimberly@example.org,East Jennaburgh,NC,US,Home Office,I,2026-07-15T15:35:11.519745+00:00
b0cd3a4e-e3fd-4d8b-b8cb-48d4422a77fa,Melanie,Stokes,jameswalker@example.net,Watsonland,VA,US,Corporate,I,2026-07-15T15:35:11.519888+00:00
6feb7dce-ff9f-4f34-91e8-19c387ee8148,Shannon,Willis,smithjeffery@example.com,South Stephaniemouth,IA,US,Home Office,I,2026-07-15T15:35:11.520019+00:00
15a93552-de15-4bff-8fc3-f1efa0ecabdc,Heather,Fleming,campbelldavid@example.org,Karenberg,ID,US,Home Office,I,2026-07-15T15:35:11.520148+00:00
772c745c-c021-4685-8f12-a20326e26c0c,Caitlin,Bennett,ochen@example.com,Carlaville,MO,US,Home Office,I,2026-07-15T15:35:11.520262+00:00
ea595300-9186-4fff-aa55-bb1621e03d3a,Tonya,Stephens,iwatkins@example.com,West Christopherborough,RI,US,Consumer,I,2026-07-15T15:35:11.520386+00:00
9a5d4a29-b2f7-4b13-a5aa-0f16f11fd65a,Matthew,Bell,parkerdonna@example.org,South Manuelstad,NV,US,Corporate,I,2026-07-15T15:35:11.520518+00:00
8976f644-66ce-4b44-84ee-526daafe2feb,Ann,Craig,yanderson@example.net,Edwardsfurt,LA,US,Corporate,I,2026-07-15T15:35:11.520638+00:00
f2b8e3a7-519e-431b-a46b-8bf27956e7b1,Johnathan,Hughes,william67@example.net,Moorefurt,ME,US,Consumer,I,2026-07-15T15:35:11.520749+00:00
570591cf-8e87-40b6-b645-865bf72f581e,Joseph,Little,kedwards@example.org,East Andrewburgh,ID,US,Home Office,I,2026-07-15T15:35:11.520861+00:00
abdceba1-83e2-486f-a0aa-88edb7f47daa,Thomas,Charles,lauraallen@example.net,Alanstad,MD,US,Corporate,I,2026-07-15T15:35:11.520990+00:00
e29ea8fe-e835-4ffa-8e01-ef905333d9f8,Allen,Gonzalez,thorntonbrittany@example.net,North Dustin,GU,US,Corporate,I,2026-07-15T15:35:11.521121+00:00
56d9dd32-a5c8-47f4-82dc-67efd55f6767,Diane,Chambers,cooperkaren@example.net,South Brian,VI,US,Home Office,I,2026-07-15T15:35:11.521251+00:00
133d511e-5856-431e-a401-7bb16274adf1,Sharon,Martin,onewman@example.com,South Stephanieside,CA,US,Corporate,I,2026-07-15T15:35:11.521363+00:00
771cfd21-5546-4f75-b839-f7f92b7be5ad,Shelley,Kim,andrea97@example.com,South Susanfurt,MD,US,Consumer,I,2026-07-15T15:35:11.521466+00:00
c9f1f377-2dc7-42f4-90d1-5e807f968142,Andres,George,ilopez@example.com,Port John,VA,US,Corporate,I,2026-07-15T15:35:11.521576+00:00
f9140585-83cc-457c-8670-e9f4d7c59d18,Patrick,Pearson,donnamartinez@example.net,Fernandezside,FM,US,Corporate,I,2026-07-15T15:35:11.521716+00:00
9de27d47-a704-4684-a7d8-56e19bea989f,Jennifer,Martinez,andrew64@example.net,Port Patrickmouth,AS,US,Home Office,I,2026-07-15T15:35:11.521819+00:00
4d2e1dff-5cc8-4e28-8c29-0753f0b6af53,Barbara,Bowen,philiphahn@example.net,East Rachelmouth,CO,US,Home Office,I,2026-07-15T15:35:11.521961+00:00
a781a5f9-96a2-452a-8763-c9cbe2fd0aa6,Garrett,Delacruz,mchoi@example.org,Rebeccahaven,NJ,US,Consumer,I,2026-07-15T15:35:11.522082+00:00
9a46b998-3d64-498c-b012-357b274a6ca0,Brandon,Webb,blairtravis@example.org,Hortonberg,TX,US,Consumer,I,2026-07-15T15:35:11.522231+00:00
02e29453-7eb6-4b4a-b4b2-b64c44009e9f,Angel,Floyd,mgardner@example.com,Jeffreymouth,GU,US,Corporate,I,2026-07-15T15:35:11.522347+00:00
7633a369-6115-462b-baad-730ec2f301a0,Nicholas,Braun,golsen@example.org,West Ronaldmouth,MA,US,Home Office,I,2026-07-15T15:35:11.522461+00:00
6d04e360-f743-457d-981f-4820caec5605,David,Brown,hmaynard@example.net,Diazstad,MH,US,Consumer,I,2026-07-15T15:35:11.522586+00:00
6535fa31-3c0c-4b3e-82ef-d3c4846ee392,Jessica,Lee,suzanne68@example.com,Estradaville,MA,US,Consumer,I,2026-07-15T15:35:11.522699+00:00
dda86584-e394-425d-8060-e26ca0aa0ab8,Victoria,Sanders,christopher92@example.net,Phillipsberg,UT,US,Consumer,I,2026-07-15T15:35:11.522825+00:00
7718934a-8bae-4303-856e-e7cc6ecd35c3,Patricia,Buchanan,huntshannon@example.com,North Michael,CA,US,Corporate,I,2026-07-15T15:35:11.522969+00:00
3d48d4fe-751c-4e21-b729-3bdf1582f742,Nancy,Drake,nancy53@example.org,Jesseport,CT,US,Home Office,I,2026-07-15T15:35:11.523080+00:00
83dd29ab-6030-4ead-92d0-1c15febedb42,Nathan,Alvarez,rlucas@example.org,Kennethfort,AK,US,Consumer,I,2026-07-15T15:35:11.523195+00:00
9e0ac484-b59e-4986-aa5c-1914df56ca9d,Nancy,Burch,frank01@example.org,West Joseph,FM,US,Home Office,I,2026-07-15T15:35:11.523302+00:00
2aa7f231-0726-4525-a251-87f4b5e58022,Jason,Dawson,ryansandoval@example.org,Morsemouth,AL,US,Home Office,I,2026-07-15T15:35:11.523443+00:00
cf204fd6-127c-4faf-96cd-e4779cc497a4,Christopher,Perez,sarawarren@example.net,Port Taylor,MI,US,Consumer,I,2026-07-15T15:35:11.523574+00:00
51506406-dccb-4d1d-bcfa-4c45e39667fc,David,Barnes,vasquezdanny@example.org,Morriston,PR,US,Corporate,I,2026-07-15T15:35:11.523717+00:00
74e03d1c-41b4-4338-99c5-a4f0819b7f05,Megan,Hernandez,david80@example.net,Tylermouth,CT,US,Consumer,I,2026-07-15T15:35:11.523822+00:00
2b0ea2b2-5207-4945-a193-e8b84b25427f,Julia,Jackson,rosariobrian@example.com,West Sabrina,CO,US,Home Office,I,2026-07-15T15:35:11.523964+00:00
3ba61860-174d-42f2-9d5d-46cbd69bec2f,Shirley,Hernandez,tammy97@example.org,South Randyfort,ME,US,Home Office,I,2026-07-15T15:35:11.524067+00:00
ce2e6b2f-a54d-4a78-94c1-3e5708db84f6,Phillip,Downs,perkinsjoseph@example.net,Jacobmouth,DE,US,Corporate,I,2026-07-15T15:35:11.524197+00:00
6dfe414a-4f55-4431-8338-efd490cd6cde,Rhonda,Callahan,erin99@example.net,Johnsonchester,NV,US,Corporate,I,2026-07-15T15:35:11.524307+00:00
a3bc0bd7-fa5b-4732-81b2-ce7272e087ac,Taylor,Pena,debra18@example.com,New Brookechester,MS,US,Home Office,I,2026-07-15T15:35:11.524410+00:00
e3e264e8-344d-4b0c-976a-ff181a4d784d,Christopher,Bell,daniel85@example.net,West Larry,MO,US,Consumer,I,2026-07-15T15:35:11.524515+00:00
777da659-1163-4639-bb2b-7b93536c10d8,Tara,Page,matthew02@example.org,Shellymouth,MH,US,Corporate,I,2026-07-15T15:35:11.524619+00:00
98396158-c796-484d-a9a9-018535738a7e,Jasmine,Stewart,cruzshawn@example.com,Davisville,NV,US,Home Office,I,2026-07-15T15:35:11.524759+00:00
903b12d9-cf0c-45ba-83e6-fe55e8636ed7,Michael,Webb,ashleenguyen@example.org,Port Tylerburgh,UT,US,Consumer,I,2026-07-15T15:35:11.524889+00:00
61dc1651-94d7-49f7-a6bb-23e69fcb0e3b,Anthony,Odonnell,kelseyhart@example.com,Jeremyton,CO,US,Consumer,I,2026-07-15T15:35:11.525019+00:00
93e4003e-10db-4419-980b-cc517a859ad7,Jennifer,Watson,kimberly12@example.org,Payneberg,GU,US,Home Office,I,2026-07-15T15:35:11.525130+00:00
cbcefd6d-249c-459b-8085-874ec6a63a4b,Crystal,Mccarthy,rsmith@example.net,Alisontown,OR,US,Home Office,I,2026-07-15T15:35:11.525241+00:00
85bbb2ac-5825-4227-ad4b-65c18a15a4e4,Laura,Dennis,williamsdavid@example.com,Cynthiaborough,IA,US,Consumer,I,2026-07-15T15:35:11.525371+00:00
96a9d071-203f-4496-b9ac-0652e59bbafb,Amy,Smith,walkerrebekah@example.org,Russobury,KS,US,Consumer,I,2026-07-15T15:35:11.525511+00:00
4f3e23eb-641f-4e3a-a937-64e2d3f7a62f,Virginia,Johnson,bfloyd@example.net,South Belindamouth,MT,US,Corporate,I,2026-07-15T15:35:11.525626+00:00
428dd69b-b728-40bf-86a6-cc786a516dfe,Teresa,Huynh,kballard@example.net,Melaniebury,WY,US,Home Office,I,2026-07-15T15:35:11.525745+00:00
727e0370-cea6-4991-91d1-66e2c50f30ed,Christopher,Williams,thomas66@example.com,Jefferychester,WY,US,Home Office,I,2026-07-15T15:35:11.525852+00:00
6b44f2de-82e7-4dfe-ba44-ecd97d5fe22e,Angela,Gutierrez,larrylucero@example.org,Port Isaacmouth,LA,US,Consumer,I,2026-07-15T15:35:11.525986+00:00
25674bec-4b19-4f56-87f6-7358e50df15a,Kendra,Mills,ruben82@example.com,Amybury,DC,US,Home Office,I,2026-07-15T15:35:11.526088+00:00
dcff51bb-2528-4186-bf68-a8ff12ef2a88,Katherine,Hill,mbarton@example.com,East Tammyhaven,GA,US,Corporate,I,2026-07-15T15:35:11.526200+00:00
dd55c582-ef25-4028-9897-487460e9f457,Julia,Griffith,robert97@example.net,North Shannonberg,TX,US,Consumer,I,2026-07-15T15:35:11.526303+00:00
9609ff18-74c8-44cd-b922-ce8d1570cecc,Paul,Jennings,fletcherlindsay@example.org,Davilashire,PA,US,Consumer,I,2026-07-15T15:35:11.526443+00:00
0fe00958-3ad0-431a-b734-c1b286f5afa5,Michael,Hall,rfowler@example.org,Huffmanfort,LA,US,Home Office,I,2026-07-15T15:35:11.526564+00:00
d6f209cb-c5bb-4139-9147-d4245fc93b07,David,Merritt,angelajones@example.net,Leestad,PR,US,Consumer,I,2026-07-15T15:35:11.526727+00:00
4474d499-311e-4373-84ff-198447175c11,Janice,Bowman,peter14@example.net,Morrischester,SC,US,Consumer,I,2026-07-15T15:35:11.526858+00:00
5fe24456-7483-464c-9a1c-0c08ce140fd3,Gary,Little,uvillanueva@example.org,Wardland,MD,US,Consumer,I,2026-07-15T15:35:11.526980+00:00
8974c777-f4cc-478e-ba4d-81251efe2244,Laura,Thomas,martinjoshua@example.com,Jonesport,PW,US,Consumer,I,2026-07-15T15:35:11.527123+00:00
c01185d7-00e6-43da-9821-c93eee695a11,Jennifer,Henderson,pamelaramirez@example.com,Elizabethmouth,MT,US,Corporate,I,2026-07-15T15:35:11.527256+00:00
b5b9db05-eb0e-47f2-a49d-4dd93caea0d9,Amanda,Johnson,bradleydean@example.com,Olsonchester,CT,US,Home Office,I,2026-07-15T15:35:11.527389+00:00
6e8a8920-9202-464f-8bc3-ead9c340e965,Richard,Garner,wgomez@example.org,Schneidershire,SD,US,Home Office,I,2026-07-15T15:35:11.527498+00:00
cc1cd6ea-9096-41c3-9e94-e5a29c4aa11d,Alexander,Daugherty,laura33@example.org,New Miranda,AL,US,Consumer,I,2026-07-15T15:35:11.527591+00:00
a5017fa8-0138-4405-95d9-66e7dd492ab5,Julie,Fitzgerald,charles54@example.com,Amberview,OR,US,Home Office,I,2026-07-15T15:35:11.527684+00:00
9130b739-af73-4f9f-8e8f-fff7efd3d48f,Hannah,Black,igarcia@example.org,West Russellport,MA,US,Consumer,I,2026-07-15T15:35:11.527786+00:00
e9c9b611-922e-487b-9688-abd6c877a1e6,James,Thomas,hilljacob@example.org,Stoneberg,WV,US,Home Office,I,2026-07-15T15:35:11.527913+00:00
b8a83b73-3e4d-4929-bcb9-1734f3d9de7a,Michael,Olson,gpierce@example.com,New Jaclyn,UT,US,Home Office,I,2026-07-15T15:35:11.528019+00:00
fe768af5-abc8-4497-a00f-4102e48c4e99,Amber,Benitez,matthewkelly@example.org,North Scottshire,OK,US,Consumer,I,2026-07-15T15:35:11.528139+00:00
1c681a31-782c-492a-a26f-3b84684b8145,Nicholas,Tran,wspears@example.org,Vanceside,OR,US,Corporate,I,2026-07-15T15:35:11.528247+00:00
bb6ff634-eccd-44e3-ab92-cd190dc6fe73,Arthur,Ellison,johnsonmitchell@example.net,North Sara,NM,US,Home Office,I,2026-07-15T15:35:11.528406+00:00
4a4764a6-ef2e-4133-8c21-bfa263292466,Daniel,Deleon,christopher71@example.net,Karenton,ID,US,Home Office,I,2026-07-15T15:35:11.528499+00:00
3bb01b74-bb9d-489b-b461-eb08602f15dc,Michael,Hampton,chenrobert@example.org,Andrewfurt,WA,US,Corporate,I,2026-07-15T15:35:11.528617+00:00
4db68178-2b4b-44d8-9d50-47e00e66572e,Matthew,Lee,williamsashley@example.com,Mathishaven,DE,US,Home Office,I,2026-07-15T15:35:11.528757+00:00
0e79e0eb-f3b2-4960-bc99-d79922bdb251,Elizabeth,Carter,millerkatrina@example.org,Cortezside,SD,US,Corporate,I,2026-07-15T15:35:11.528897+00:00
93c6c0a9-46bf-4298-8d99-333552ac5cfc,Eric,Cox,megansanders@example.org,Kristineborough,NC,US,Home Office,I,2026-07-15T15:35:11.529019+00:00
120d8ad4-7f45-4975-8c79-18b37240c47b,Amy,Williams,gkim@example.org,Riverafurt,DE,US,Corporate,I,2026-07-15T15:35:11.529140+00:00
d7e603e6-fef0-430e-8d07-acb9db816af7,Jerry,Lee,vincent29@example.net,Johnville,NC,US,Home Office,I,2026-07-15T15:35:11.529242+00:00
06bc1473-0a19-4fa4-a897-5d2b09017512,William,Miranda,hendricksjeffrey@example.org,East Caitlin,WI,US,Consumer,I,2026-07-15T15:35:11.529372+00:00
0fa38281-bd7f-4490-9ba4-0bb36d41a6e8,Courtney,Taylor,matthewreed@example.com,Ramirezland,FM,US,Home Office,I,2026-07-15T15:35:11.529508+00:00
38860555-abb1-44b0-8c12-b849e6c8f7a8,Brandon,Brooks,dillonpaul@example.net,West Jessicaside,ND,US,Consumer,I,2026-07-15T15:35:11.529639+00:00
cff2a7c1-a173-4f28-9e57-62e33cae4b2d,Keith,Ali,krystalthomas@example.net,Lake Sean,NH,US,Corporate,I,2026-07-15T15:35:11.529770+00:00
831d5a7c-3ebf-4283-bd54-a836fe627ea3,Crystal,Cole,xthompson@example.com,East Michael,MO,US,Corporate,I,2026-07-15T15:35:11.529886+00:00
e4159865-aa1e-4633-968e-43267fec5898,Hannah,Johnston,nicole84@example.net,New Robert,SC,US,Consumer,I,2026-07-15T15:35:11.529994+00:00
747867ac-77f4-4b30-9f1d-bdb3386c7551,Anna,Richardson,anna27@example.org,Benjaminland,NC,US,Home Office,I,2026-07-15T15:35:11.530101+00:00
9022a0d6-915b-4f1c-abd1-d5792eb89abe,Jasmine,Walters,benjaminbright@example.com,Jasonhaven,VT,US,Corporate,I,2026-07-15T15:35:11.530231+00:00
3f39286b-793d-4ba1-bc06-95a4d9789301,Mark,Bailey,eayers@example.net,Travisside,NE,US,Consumer,I,2026-07-15T15:35:11.530351+00:00
21fe3c17-e01d-4afc-ad00-c456f5e49fb2,Suzanne,Walter,dustin15@example.org,Lake Amybury,PW,US,Corporate,I,2026-07-15T15:35:11.530455+00:00
e212352a-53e7-4630-9b5d-c14c6ae610e1,Paul,Mcdowell,crystal44@example.net,North Jacob,CO,US,Home Office,I,2026-07-15T15:35:11.530556+00:00
728e9d4a-7d42-4e95-ad10-ca86e17f92f3,Jennifer,Holmes,ashleyjefferson@example.com,Chadberg,AR,US,Corporate,I,2026-07-15T15:35:11.530687+00:00
5172a977-bda1-4981-9ec8-5d3d32472107,Tammy,Ayers,dianehall@example.net,New Michaelstad,MT,US,Home Office,I,2026-07-15T15:35:11.530817+00:00
7def847e-3813-4c24-b4d4-67f273ea18db,Kim,Adams,hglass@example.com,North James,CT,US,Home Office,I,2026-07-15T15:35:11.530940+00:00
6251c21f-68e1-4770-9440-4afc2c2af4aa,Richard,Washington,hubbardtyler@example.net,Gallegosfurt,NY,US,Consumer,I,2026-07-15T15:35:11.531088+00:00
71d94650-4757-4f02-bb1b-970915ad801c,John,Williams,ycolon@example.org,South Tammyfurt,VI,US,Home Office,I,2026-07-15T15:35:11.531200+00:00
323cc0ee-9df0-4eef-8694-06182ef3bd7c,Michael,Lopez,munozshelly@example.net,Valdezville,RI,US,Corporate,I,2026-07-15T15:35:11.531343+00:00
258c806d-50b1-4f47-a811-595d218ed347,Monica,Olson,normahill@example.org,South Rebekahfurt,MS,US,Corporate,I,2026-07-15T15:35:11.531475+00:00
ddb8e54b-ebba-490b-8694-d6c56d907fb0,Donna,Davis,vflores@example.net,Aprilberg,MD,US,Corporate,I,2026-07-15T15:35:11.531586+00:00
ddeb873f-d1dd-4955-a991-d086e5e975fc,Zachary,Johnson,lisa20@example.org,North Marystad,LA,US,Corporate,I,2026-07-15T15:35:11.531689+00:00
7a02c084-7415-4897-b6fd-3e7b9bb926c2,Dennis,Hernandez,zachary34@example.net,South Reneechester,NE,US,Corporate,I,2026-07-15T15:35:11.531797+00:00
f633f0ac-be45-456b-9da5-086bed7faf73,Erin,Perez,taylorthompson@example.org,Lawrencemouth,MI,US,Consumer,I,2026-07-15T15:35:11.531945+00:00
051e43cb-1d77-4719-ac26-c6cd206ddb77,Mark,Solis,kmorris@example.org,North Sharonburgh,ID,US,Consumer,I,2026-07-15T15:35:11.532060+00:00
3673882b-c8d5-427e-8cf8-e0e54a007e94,Timothy,Fernandez,hillvalerie@example.net,East Jenniferburgh,ND,US,Corporate,I,2026-07-15T15:35:11.532202+00:00
a50f7b27-8c33-4802-8902-4e1c511387a3,Ronald,Lewis,grahamandrew@example.com,Stoneview,KS,US,Home Office,I,2026-07-15T15:35:11.532343+00:00
cde8ab97-ad4a-46e7-be41-bd778f977649,Rebecca,Hicks,aliciahansen@example.com,Laurieport,MN,US,Home Office,I,2026-07-15T15:35:11.532479+00:00
8d28c83a-ef8b-4301-85f1-2450c5fb8bee,Heather,Mitchell,jacqueline10@example.org,Shaneshire,MS,US,Home Office,I,2026-07-15T15:35:11.532581+00:00
a6dfe1c7-27e8-4048-ab60-e638762c2edd,William,Simpson,kristen07@example.net,Richardsonville,PR,US,Consumer,I,2026-07-15T15:35:11.532692+00:00
4aae8aa3-aa95-4a35-b182-1fa97cfa6a2f,Joshua,Mcdaniel,brianwillis@example.net,Sullivanborough,MH,US,Home Office,I,2026-07-15T15:35:11.532833+00:00
cd396640-8eab-4ef3-afe0-6a9df8940b51,Patrick,Villarreal,riveramariah@example.org,Bowmanport,MP,US,Home Office,I,2026-07-15T15:35:11.532973+00:00
da1561fa-8fd6-44bb-b37e-f1a74993450d,Jonathan,Jennings,keiththomas@example.org,Stephenchester,AR,US,Consumer,I,2026-07-15T15:35:11.533103+00:00
7bedee17-1e95-4614-ac2b-b8f09e8b95f8,Patrick,Chavez,matthewbruce@example.com,Martinfort,MA,US,Corporate,I,2026-07-15T15:35:11.533234+00:00
6f43cc70-381e-4a2d-9755-2513fc82fa36,Jason,Noble,meganstevens@example.org,Meghantown,AZ,US,Corporate,I,2026-07-15T15:35:11.533367+00:00
487ff7d8-50c2-4a3b-9b55-929001887685,Wendy,Bass,erikafitzpatrick@example.net,Dayfort,OK,US,Consumer,I,2026-07-15T15:35:11.533513+00:00
5fbbd033-68d9-4067-9cfd-092795900cf3,Albert,Carter,jeremy13@example.com,New Amanda,NY,US,Consumer,I,2026-07-15T15:35:11.533622+00:00
a3bd3e31-4925-461f-b460-e7a969f7ef81,Cynthia,Zhang,karen33@example.com,Clarkbury,DE,US,Home Office,I,2026-07-15T15:35:11.533747+00:00
06f7690a-70dc-44ad-ab83-b117616dc816,Shawn,Johnson,mary41@example.net,Robinsonport,WI,US,Home Office,I,2026-07-15T15:35:11.533860+00:00
1f0eeb01-1e33-42da-a527-8ca081d918d2,Kenneth,Price,stephanie52@example.com,New Kevinville,AS,US,Home Office,I,2026-07-15T15:35:11.533964+00:00
067763a3-9623-4f0a-9cc2-af395aad596b,Jessica,Thompson,wendyspencer@example.org,Port Jamie,AL,US,Consumer,I,2026-07-15T15:35:11.534094+00:00
23a2b11b-b642-4d8a-a5e2-6642c8357c6c,Michael,Peterson,richard10@example.net,North Danielport,NJ,US,Corporate,I,2026-07-15T15:35:11.534197+00:00
699173d7-2e76-4bb9-bfd4-ebd9f03edff7,Patrick,Rodriguez,vmiller@example.org,Port Katherinefort,NE,US,Home Office,I,2026-07-15T15:35:11.534309+00:00
96fb2e88-dd01-4015-815f-53e416dd7c91,Madison,Jones,kwalsh@example.com,Crawfordberg,GA,US,Consumer,I,2026-07-15T15:35:11.534429+00:00
641004d7-8c52-4d3e-a081-d5d06e018337,Robert,Donovan,carlos78@example.org,Williamstown,WY,US,Home Office,I,2026-07-15T15:35:11.534540+00:00
9cd8d6d9-f00f-4bf8-aa3b-c95e197fc118,Tracey,Stark,tbradley@example.com,Bentleyville,WI,US,Home Office,I,2026-07-15T15:35:11.534661+00:00
ab175107-0c21-43a8-94c5-ab0d1213944a,Duane,Holt,michael94@example.org,Port Jenniferstad,WA,US,Corporate,I,2026-07-15T15:35:11.534763+00:00
eadd7b08-309d-4b48-8e6b-15346ac6dd47,Emily,Hahn,mobrien@example.com,East Derekburgh,WY,US,Consumer,I,2026-07-15T15:35:11.534875+00:00
f9fcdf9b-955f-495a-8065-ec6bc0a017e9,Corey,Moreno,barbara15@example.net,Port Taylor,MP,US,Corporate,I,2026-07-15T15:35:11.534977+00:00
b92f429f-33be-496e-90eb-3cb18a339390,Victor,Gonzalez,turnerraymond@example.org,South Bradleyfort,KY,US,Consumer,I,2026-07-15T15:35:11.535107+00:00
3d3956a7-0b18-4142-8e49-b76cb5ebc3b9,Michelle,Mays,morganvictor@example.org,Port Danielfort,AS,US,Consumer,I,2026-07-15T15:35:11.535241+00:00
d11624a9-488b-4dcf-b2a1-2163e4a7ed47,Nancy,Mendez,hayskevin@example.org,East Catherine,AR,US,Corporate,I,2026-07-15T15:35:11.535373+00:00
944fde72-cee5-427d-86a5-660ff292a0d5,Melissa,Huang,brandon23@example.net,Port Kimberly,MH,US,Consumer,I,2026-07-15T15:35:11.535482+00:00
31f4f6a7-94e0-49d0-96a8-1da933e1df7e,Matthew,Morales,lisawoodward@example.org,North Davidchester,NH,US,Home Office,I,2026-07-15T15:35:11.535613+00:00
3b4327b7-3d39-4372-8edf-db1949db143f,Ann,Stafford,hickschristine@example.com,Campbellport,MS,US,Consumer,I,2026-07-15T15:35:11.535753+00:00
d3e204b9-6283-46f8-9c2d-53f263ac7bb5,Daniel,Jackson,jasonvilla@example.com,Victoriaville,WV,US,Consumer,I,2026-07-15T15:35:11.535883+00:00
50bfcc5e-da61-480c-bd09-e902cf6771a9,Matthew,Wilson,garnergina@example.com,Robertton,MN,US,Consumer,I,2026-07-15T15:35:11.536013+00:00
4d148345-bb4b-47eb-9a84-389379fcafc3,Tammy,Barnett,brittney35@example.net,Hernandezborough,MO,US,Corporate,I,2026-07-15T15:35:11.536124+00:00
88e7b9fa-f654-40c3-a4bc-c232fa79b36c,Donna,Gibson,alexander51@example.com,Ramirezfurt,AL,US,Home Office,I,2026-07-15T15:35:11.536235+00:00
dfaf9798-e457-471a-8ea1-08b4edbd51b7,Tracy,Johnson,udurham@example.net,West Eric,ID,US,Consumer,I,2026-07-15T15:35:11.536353+00:00
6153bb72-c62e-4baf-9f7b-5f50b341ad29,Kathy,Lopez,taylorgarcia@example.net,Port Adam,NM,US,Consumer,I,2026-07-15T15:35:11.536488+00:00
5d8237dc-7a31-49b4-96e0-d182ef410d87,Alan,Davis,uchung@example.com,North Davidshire,OR,US,Consumer,I,2026-07-15T15:35:11.536599+00:00
152afa8a-5132-4887-a78b-412d377e1301,Tina,Stevens,jeffrey71@example.org,Lake Tracy,FL,US,Consumer,I,2026-07-15T15:35:11.536701+00:00
ca1fc68e-a84b-4358-acfe-0e98471be5ff,Audrey,Duncan,blackwellchristopher@example.com,Moorehaven,ME,US,Home Office,I,2026-07-15T15:35:11.536842+00:00
c34f3c53-e84e-48f3-ac24-92d8137dbaec,Cheryl,Miller,jacquelineterrell@example.net,West Paula,AR,US,Home Office,I,2026-07-15T15:35:11.536972+00:00
195c1e81-9389-4ac4-a97f-2d0368de088c,Jeffrey,Cook,zcoleman@example.com,Torresport,KY,US,Consumer,I,2026-07-15T15:35:11.537093+00:00
71573541-8d3a-4fdb-ba90-e596dd268173,Mary,Turner,romanchristina@example.net,West Kiaraton,MP,US,Consumer,I,2026-07-15T15:35:11.537224+00:00
acf45a87-3acc-4c33-8c98-15da644acc46,Dale,Brown,ikim@example.org,East Robertborough,MD,US,Consumer,I,2026-07-15T15:35:11.537335+00:00
8dc18116-4ca0-4d17-8673-cdd2575b7a0d,Bobby,Ayers,garciafrederick@example.org,Richardsberg,AZ,US,Corporate,I,2026-07-15T15:35:11.537476+00:00
f401f693-d014-4ff4-8a17-96394bf8f2ed,Christopher,Garcia,foxsteven@example.net,Michaelville,AK,US,Consumer,I,2026-07-15T15:35:11.537614+00:00
52297f0b-3141-4fe3-8e41-94530e4bcedc,Leslie,Contreras,petersrachel@example.org,West Kristen,VA,US,Corporate,I,2026-07-15T15:35:11.537750+00:00
3a7a0fb8-07ef-4766-9217-d54e097f8d43,Alvin,Gonzalez,rgarcia@example.net,Mackenziemouth,DC,US,Corporate,I,2026-07-15T15:35:11.537862+00:00
d361490a-8ab7-416b-9116-970c16f63967,Anthony,Velez,michelle50@example.net,Johnsonfurt,NV,US,Consumer,I,2026-07-15T15:35:11.537975+00:00
408a47c0-fe69-4e89-b1e1-522c200122ed,Scott,Wilkinson,chapmanryan@example.net,Port Clarencefurt,MT,US,Consumer,I,2026-07-15T15:35:11.538112+00:00
17d8b3e3-240b-4ffa-ba13-d509c1d167d5,Katelyn,Davis,aedwards@example.org,Gregoryburgh,DE,US,Home Office,I,2026-07-15T15:35:11.538232+00:00
eb085792-43a2-42d0-bbf0-22336af68eec,Whitney,Leach,ktaylor@example.org,Brookeberg,ND,US,Corporate,I,2026-07-15T15:35:11.538343+00:00
615cb13d-4c69-4fbc-bd34-6a4b1acde291,Monica,Burns,mauricebarrett@example.com,Cooperburgh,AR,US,Home Office,I,2026-07-15T15:35:11.538482+00:00
38e81803-699f-46b6-8659-cbaac00e77ba,Stacy,Love,jfisher@example.com,Singhborough,IL,US,Home Office,I,2026-07-15T15:35:11.538602+00:00
a3f939df-50f4-4863-9e3d-82026d993f3f,Shelby,Rogers,mark94@example.com,East Mary,AZ,US,Corporate,I,2026-07-15T15:35:11.538704+00:00
d8dd05ed-e9d9-43d0-ac4f-17c4b5d11c2c,Oscar,Rice,aking@example.org,North Denise,AK,US,Home Office,I,2026-07-15T15:35:11.538815+00:00
ed62f356-c3e6-44b4-9a7a-f00919ce2d09,Matthew,Nash,grimesdaniel@example.com,Port Katrina,CT,US,Consumer,I,2026-07-15T15:35:11.538948+00:00
e5afe2c0-f16e-423a-ae38-173afafe6020,Paula,Fitzgerald,elizabeththomas@example.net,New Tonya,KS,US,Consumer,I,2026-07-15T15:35:11.539087+00:00
2c9bb365-6bd4-441a-b3ad-4d16ef370502,Charles,Heath,pwilson@example.org,South Charlene,MI,US,Home Office,I,2026-07-15T15:35:11.539198+00:00
a45d62c3-b36e-4761-94b0-2e40112cb25b,Sheila,Meyer,robertolson@example.org,Jacquelineland,DC,US,Consumer,I,2026-07-15T15:35:11.539329+00:00
0b532392-d604-4cf0-a0ca-a3e76d767b4d,William,Watkins,ilewis@example.net,South Brianmouth,HI,US,Consumer,I,2026-07-15T15:35:11.539440+00:00
219a3f9f-fc53-4bdf-8f54-a39574e5311f,Nancy,Elliott,cindybradley@example.org,Barryberg,TN,US,Consumer,I,2026-07-15T15:35:11.539570+00:00
63ef3b49-36d4-4406-9b95-87bb00783dc9,Jerry,Reid,donald33@example.com,Youngborough,KY,US,Consumer,I,2026-07-15T15:35:11.539681+00:00
ba64ec48-207d-4317-8ac4-1964da4656a3,Jacqueline,Moran,allen50@example.com,Kimberlyfort,WI,US,Corporate,I,2026-07-15T15:35:11.539783+00:00
41059713-6562-4e3c-95c1-704f3570fe7a,Timothy,Moore,chelsey55@example.net,East Stephanie,VI,US,Consumer,I,2026-07-15T15:35:11.539885+00:00
72f64064-8bb8-41a8-81fe-8bf17e06aa8b,Luis,Gordon,chris09@example.org,North Colleen,SC,US,Home Office,I,2026-07-15T15:35:11.539986+00:00
68dcc42d-e6d2-413b-aad7-bf5b1ef11c9d,James,Knight,jasonrichardson@example.net,Kerrychester,NE,US,Corporate,I,2026-07-15T15:35:11.540116+00:00
